鉄道事業者名,鉄道駅の名称,路線名,単位,都道府県,市,町村,段差への対応,プラットホームの数,段差が解消されているプラットホームの数,エレベーターの設置基数,単位,移動等円滑化基準に適合しているエレベーターの設置基数,単位,エスカレーターの設置基数,単位,移動等円滑化基準に適合しているエスカレーターの設置基数,単位,その他の昇降機の設置基数,単位,傾斜路の設置箇所数,単位,移動等円滑化基準に適合している傾斜路の設置箇所数,単位,視覚障害者誘導用ブロックの設置の有無,案内設備の設置の有無,障害者対応型便所の設置の有無,障害者対応型改札口の設置の有無,障害者対応型券売機の設置の有無,車いす使用者の円滑な乗降が可能なプラットホームの数,転落防止のための設備の設置の有無,緯度,経度,場所情報コード
北海道旅客鉄道,函館,函館,線,北海道,函館市,-,○,4,4,-,基,-,基,-,基,-,基,-,基,1,箇所,1,箇所,○,○,○,○,○,4,○,41.77398,140.72649,00001B00000000030B793BA6A6D4FFC0
北海道旅客鉄道,小樽,函館,線,北海道,小樽市,-,-,2,2,-,基,-,基,4,基,4,基,-,基,1,箇所,1,箇所,○,○,○,○,○,2,○,43.19712,140.99368,00001B00000000030BDD4C26B99E7FC0
北海道旅客鉄道,南小樽,函館,線,北海道,小樽市,-,-,1,1,-,基,-,基,-,基,-,基,-,基,-,箇所,-,箇所,-,-,×,○,○,1,○,43.18653,141.00789,00001B00000000030BDC8DA6BA9E7FC0
北海道旅客鉄道,小樽築港,函館,線,北海道,小樽市,-,○,1,1,1,基,1,基,2,基,-,基,-,基,-,箇所,-,箇所,○,○,○,○,○,1,○,43.18085,141.02783,00001B00000000030BDC2726BC04FFC0
北海道旅客鉄道,銭函,函館,線,北海道,小樽市,-,-,2,2,-,基,-,基,-,基,-,基,-,基,-,箇所,-,箇所,-,-,×,○,○,2,-,43.14341,141.15992,00001B00000000030BD98526C54EFFC0
北海道旅客鉄道,星置,函館,線,北海道,札幌市,手稲区,○,2,2,2,基,2,基,-,基,-,基,-,基,-,箇所,-,箇所,○,○,○,○,○,2,○,43.13228,141.21065,00001B00000000030BD8BD26C8DFFFC0
北海道旅客鉄道,手稲,函館,線,北海道,札幌市,手稲区,○,2,2,2,基,2,基,4,基,-,基,-,基,-,箇所,-,箇所,○,○,○,○,○,2,○,43.12013,141.24385,00001B00000000030BD7E226CB357FC0
北海道旅客鉄道,稲積公園,函館,線,北海道,札幌市,手稲区,○,2,2,2,基,2,基,-,基,-,基,-,基,-,箇所,-,箇所,○,○,○,○,○,2,○,43.11231,141.25676,00001B00000000030BD755A6CC1DFFC0
北海道旅客鉄道,発寒,函館,線,北海道,札幌市,西区,○,2,2,2,基,2,基,-,基,-,基,-,基,-,箇所,-,箇所,○,○,○,○,○,2,○,43.10019,141.27663,00001B00000000030BD67B26CD837FC0
北海道旅客鉄道,発寒中央,函館,線,北海道,札幌市,西区,○,2,2,3,基,3,基,-,基,-,基,-,基,-,箇所,-,箇所,○,○,○,○,○,2,○,43.08926,141.29458,00001B00000000030BD5B6A6CEC67FC0
北海道旅客鉄道,琴似,函館,線,北海道,札幌市,西区,○,1,1,2,基,2,基,2,基,-,基,-,基,-,箇所,-,箇所,○,○,○,○,○,1,○,43.08151,141.3074,00001B00000000030BD52B26CFAD7FC0
北海道旅客鉄道,桑園,函館・札沼,線,北海道,札幌市,中央区,○,2,2,2,基,2,基,4,基,-,基,-,基,1,箇所,-,箇所,○,○,○,○,○,2,○,43.07075,141.33192,00001B00000000030BD469A6D166FFC0
北海道旅客鉄道,札幌,函館,線,北海道,札幌市,中央区,○,5,5,5,基,5,基,12,基,-,基,-,基,1,箇所,1,箇所,○,○,○,○,○,5,○,43.06857,141.3508,00001B00000000030BD44226D2BA7FC0
北海道旅客鉄道,苗穂,函館,線,北海道,札幌市,中央区,-,2,2,-,基,-,基,-,基,-,基,-,基,-,箇所,-,箇所,-,-,×,○,○,2,○,43.06877,141.37641,00001B00000000030BD445A6D4877FC0
北海道旅客鉄道,白石,函館・千歳,線,北海道,札幌市,白石区,○,2,2,2,基,2,基,4,基,-,基,-,基,-,箇所,-,箇所,○,○,○,○,○,2,○,43.05476,141.41407,00001B00000000030BD349A6D72D7FC0
北海道旅客鉄道,厚別,函館,線,北海道,札幌市,厚別区,○,2,2,2,基,2,基,-,基,-,基,-,基,-,箇所,-,箇所,○,○,○,○,○,2,○,43.04498,141.46324,00001B00000000030BD299A6DAA27FC0
北海道旅客鉄道,森林公園,函館,線,北海道,札幌市,厚別区,○,2,2,2,基,2,基,-,基,-,基,-,基,1,箇所,-,箇所,○,○,○,○,○,2,○,43.05644,141.48153,00001B00000000030BD367A6DBEBFFC0
北海道旅客鉄道,大麻,函館,線,北海道,江別市,-,○,2,2,-,基,-,基,4,基,4,基,-,基,-,箇所,-,箇所,○,○,○,○,○,2,○,43.07223,141.49672,00001B00000000030BD48426DCFCFFC0
北海道旅客鉄道,野幌,函館,線,北海道,江別市,-,○,2,2,2,基,2,基,-,基,-,基,-,基,-,箇所,-,箇所,○,○,○,○,○,2,○,43.09262,141.52981,00001B00000000030BD5F326DF50FFC0
北海道旅客鉄道,高砂,函館,線,北海道,江別市,-,○,2,2,-,基,-,基,-,基,-,基,-,基,-,箇所,-,箇所,○,○,○,○,○,2,○,43.10016,141.5407,00001B00000000030BD67AA6E014FFC0
北海道旅客鉄道,江別,函館,線,北海道,江別市,-,○,2,2,2,基,2,基,-,基,-,基,-,基,2,箇所,-,箇所,○,○,○,○,○,2,○,43.11014,141.55658,00001B00000000030BD72EA6E1327FC0
北海道旅客鉄道,岩見沢,函館・室蘭,線,北海道,岩見沢市,-,○,3,3,4,基,4,基,2,基,-,基,-,基,-,箇所,-,箇所,○,○,○,○,○,3,○,43.20411,141.75924,00001B00000000030BDDC9A6EF727FC0
北海道旅客鉄道,滝川,函館・根室,線,北海道,滝川市,-,○,3,3,3,基,3,基,-,基,-,基,-,基,2,箇所,2,箇所,○,○,○,○,○,3,○,43.55521,141.90079,00001B00000000030BF679A6F9667FC0
北海道旅客鉄道,旭川,函館・宗谷・富良野,線,北海道,旭川市,-,○,4,4,6,基,6,基,12,基,-,基,-,基,-,箇所,-,箇所,○,○,○,○,○,4,○,43.76344,142.35792,00001B00000000030C051DA7198AFFC0
北海道旅客鉄道,東室蘭,室蘭,線,北海道,室蘭市,-,○,2,2,2,基,2,基,-,基,-,基,-,基,-,箇所,-,箇所,○,○,○,○,○,2,○,42.34929,141.02621,00001B00000000030BA1AF26BBE7FFC0
北海道旅客鉄道,苫小牧,室蘭・日高,線,北海道,苫小牧市,-,○,2,2,2,基,2,基,-,基,-,基,-,基,-,箇所,-,箇所,○,○,○,○,○,2,○,42.63929,141.59581,00001B00000000030BB61326E3F4FFC0
北海道旅客鉄道,平和,千歳,線,北海道,札幌市,白石区,○,1,1,1,基,1,基,-,基,-,基,-,基,-,箇所,-,箇所,○,○,○,○,○,1,○,43.047,141.438,00001B00000000030BD2BE26D8DC7FC0
北海道旅客鉄道,新札幌,千歳,線,北海道,札幌市,厚別区,○,2,2,2,基,2,基,2,基,-,基,-,基,1,箇所,1,箇所,○,○,○,○,○,2,○,43.03869,141.47251,00001B00000000030BD22826DB497FC0
北海道旅客鉄道,上野幌,千歳,線,北海道,札幌市,厚別区,-,2,2,-,基,-,基,-,基,-,基,-,基,-,箇所,-,箇所,-,-,×,○,○,-,○,43.01624,141.48714,00001B00000000030BD09426DC50FFC0
北海道旅客鉄道,北広島,千歳,線,北海道,北広島市,-,-,2,2,2,基,-,基,4,基,-,基,-,基,1,箇所,1,箇所,○,○,-,○,○,2,○,42.97919,141.56312,00001B00000000030BCDF926E1A87FC0
北海道旅客鉄道,島松,千歳,線,北海道,恵庭市,-,-,3,3,-,基,-,基,-,基,-,基,-,基,1,箇所,-,箇所,○,-,×,○,○,3,-,42.92245,141.57314,00001B00000000030BC9FC26E25CFFC0
北海道旅客鉄道,恵み野,千歳,線,北海道,恵庭市,-,○,2,2,2,基,2,基,4,基,-,基,-,基,-,箇所,-,箇所,○,○,○,○,○,2,○,42.90261,141.57442,00001B00000000030BC896A6E273FFC0
北海道旅客鉄道,恵庭,千歳,線,北海道,恵庭市,-,○,2,2,2,基,2,基,4,基,-,基,-,基,-,箇所,-,箇所,○,○,-,○,○,2,○,42.88311,141.58632,00001B00000000030BC737A6E349FFC0
北海道旅客鉄道,千歳,千歳,線,北海道,千歳市,-,○,2,2,2,基,2,基,6,基,-,基,-,基,-,箇所,-,箇所,○,○,○,○,○,2,○,42.82816,141.65198,00001B00000000030BC35AA6E7E7FFC0
北海道旅客鉄道,新千歳空港,千歳,線,北海道,千歳市,-,○,1,1,1,基,1,基,4,基,-,基,-,基,-,箇所,-,箇所,○,○,○,○,○,1,○,42.78754,141.68079,00001B00000000030BC07FA6E9EE7FC0
北海道旅客鉄道,八軒,札沼,線,北海道,札幌市,西区,○,2,2,2,基,2,基,2,基,-,基,-,基,-,箇所,-,箇所,○,○,○,○,○,2,○,43.08622,141.31917,00001B00000000030BD57FA6D0817FC0
北海道旅客鉄道,新川,札沼,線,北海道,札幌市,北区,○,2,2,2,基,2,基,4,基,-,基,-,基,-,箇所,-,箇所,○,○,○,○,○,2,○,43.09857,141.32374,00001B00000000030BD65E26D0D37FC0
北海道旅客鉄道,新琴似,札沼,線,北海道,札幌市,北区,○,2,2,2,基,2,基,4,基,-,基,-,基,-,箇所,-,箇所,○,○,○,○,○,2,○,43.11305,141.33514,00001B00000000030BD762A6D1A0FFC0
北海道旅客鉄道,篠路,札沼,線,北海道,札幌市,北区,-,2,2,-,基,-,基,-,基,-,基,-,基,-,箇所,-,箇所,-,-,×,○,○,2,○,43.14508,141.36424,00001B00000000030BD9A326D3AC7FC0
北海道旅客鉄道,拓北,札沼,線,北海道,札幌市,北区,○,2,2,2,基,2,基,-,基,-,基,-,基,-,箇所,-,箇所,○,○,○,○,○,2,○,43.1555,141.38109,00001B00000000030BDA5F26D4DBFFC0
北海道旅客鉄道,あいの里教育大,札沼,線,北海道,札幌市,北区,○,2,2,2,基,2,基,-,基,-,基,-,基,2,箇所,-,箇所,○,○,○,○,○,2,○,43.15512,141.39877,00001B00000000030BDA5826D619FFC0
北海道旅客鉄道,あいの里公園,札沼,線,北海道,札幌市,北区,-,2,2,-,基,-,基,-,基,-,基,-,基,-,箇所,-,箇所,○,-,×,○,-,-,○,43.1609,141.41303,00001B00000000030BDAC026D71AFFC0
北海道旅客鉄道,石狩当別,札沼,線,北海道,石狩郡,当別町,○,2,2,2,基,2,基,-,基,-,基,-,基,-,箇所,-,箇所,○,-,×,○,○,2,○,43.22214,141.51379,00001B00000000030BDF0EA6DE307FC0
北海道旅客鉄道,北海道医療大学,札沼,線,北海道,石狩郡,当別町,-,2,2,-,基,-,基,-,基,-,基,-,基,-,箇所,-,箇所,-,-,×,-,-,-,○,43.23108,141.55012,00001B00000000030BDFAF26E0BE7FC0
北海道旅客鉄道,新函館北斗（在来線）,函館,線,北海道,北斗市,-,○,2,2,2,基,2,基,2,基,-,基,-,基,-,箇所,-,箇所,○,○,○,○,○,2,-,41.904698,140.648376,00001B00000000030B826CA6A156FFC0
JR東日本,東京,東海道本・山手・中央本・総武・京葉・横須賀・京浜東北・東北新幹・上越新幹・北陸新幹・山形新幹・秋田新幹,線,東京都,千代田区,-,○,11,11,30,基,22,基,128,基,2,基,-,基,6,箇所,-,箇所,○,-,○,○,○,-,○,35.68132,139.76689,00001B000000000309CCD7A6635C7FC0
JR東日本,東京（新幹線）,東北新幹・上越新幹・北陸新幹・山形新幹・秋田新幹,線,東京都,千代田区,-,○,2,2,6,基,4,基,7,基,-,基,-,基,-,箇所,-,箇所,○,○,○,○,○,-,○,35.6811,139.76811,00001B000000000309CCD3A66371FFC0
JR東日本,有楽町,東海道本・山手・京浜東北,線,東京都,千代田区,-,○,2,2,2,基,2,基,4,基,2,基,-,基,-,箇所,-,箇所,○,○,○,○,○,-,○,35.67504,139.76326,00001B000000000309CC66A6631AFFC0
JR東日本,新橋,東海道本・山手・京浜東北・横須賀,線,東京都,港区,-,○,4,4,5,基,5,基,20,基,6,基,-,基,1,箇所,1,箇所,○,○,○,○,○,-,○,35.66639,139.7582,00001B000000000309CBCB2662BFFFC0
JR東日本,浜松町,東海道本・山手・京浜東北,線,東京都,港区,-,○,2,2,2,基,2,基,7,基,1,基,2,基,1,箇所,-,箇所,○,○,○,○,○,-,○,35.65541,139.75713,00001B000000000309CB052662AC7FC0
JR東日本,田町,東海道本・山手・京浜東北,線,東京都,港区,-,○,2,2,2,基,2,基,8,基,-,基,-,基,-,箇所,-,箇所,○,○,○,○,○,-,○,35.64574,139.7476,00001B000000000309CA57266200FFC0
JR東日本,品川,東海道本・山手・京浜東北・横須賀,線,東京都,港区,-,○,8,8,10,基,9,基,23,基,-,基,-,基,-,箇所,-,箇所,○,○,○,○,○,-,○,35.62814,139.73885,00001B000000000309C91AA661637FC0
JR東日本,大井町,東海道本・京浜東北,線,東京都,品川区,-,○,1,1,2,基,1,基,5,基,1,基,-,基,-,箇所,-,箇所,○,○,○,○,○,-,○,35.60681,139.73499,00001B000000000309C79AA6611DFFC0
JR東日本,大森,東海道本・京浜東北,線,東京都,大田区,-,○,1,1,1,基,1,基,2,基,1,基,-,基,1,箇所,-,箇所,○,○,○,○,○,-,○,35.58892,139.72815,00001B000000000309C658A660A2FFC0
JR東日本,蒲田,東海道本・京浜東北,線,東京都,大田区,-,○,2,2,2,基,2,基,8,基,2,基,-,基,1,箇所,-,箇所,○,○,○,○,○,-,○,35.56249,139.71603,00001B000000000309C47CA65FC8FFC0
JR東日本,西大井,横須賀,線,東京都,品川区,-,○,2,2,2,基,2,基,4,基,2,基,-,基,-,箇所,-,箇所,○,○,-,○,○,-,○,35.6017,139.72161,00001B000000000309C73EA6602CFFC0
JR東日本,池袋,山手・埼京,線,東京都,豊島区,-,○,4,4,4,基,4,基,8,基,8,基,1,基,1,箇所,-,箇所,○,○,○,○,○,-,○,35.73019,139.71123,00001B000000000309D047265F727FC0
JR東日本,大塚,山手,線,東京都,豊島区,-,○,1,1,1,基,1,基,2,基,-,基,-,基,-,箇所,-,箇所,○,○,○,○,○,-,○,35.73179,139.72794,00001B000000000309D06426609EFFC0
JR東日本,巣鴨,山手,線,東京都,豊島区,-,○,1,1,1,基,1,基,2,基,2,基,-,基,-,箇所,-,箇所,○,○,○,○,○,-,○,35.73372,139.74035,00001B000000000309D086A6617E7FC0
JR東日本,駒込,山手,線,東京都,豊島区,-,○,1,1,1,基,1,基,2,基,-,基,-,基,-,箇所,-,箇所,○,○,○,○,○,-,○,35.73686,139.74805,00001B000000000309D0BF266208FFC0
JR東日本,大崎,山手,線,東京都,品川区,-,○,4,4,5,基,4,基,16,基,-,基,-,基,2,箇所,-,箇所,○,○,○,○,○,-,○,35.61995,139.72824,00001B000000000309C8872660A47FC0
JR東日本,目白,山手,線,東京都,豊島区,-,○,1,1,1,基,1,基,2,基,-,基,-,基,-,箇所,-,箇所,○,○,○,○,○,-,○,35.72039,139.70628,00001B000000000309CF97265F197FC0
JR東日本,高田馬場,山手,線,東京都,新宿区,-,○,1,1,2,基,1,基,2,基,-,基,-,基,-,箇所,-,箇所,○,○,○,○,○,-,○,35.7129,139.70383,00001B000000000309CF10265EECFFC0
JR東日本,新大久保,山手,線,東京都,新宿区,-,○,1,1,-,基,-,基,-,基,-,基,1,基,-,箇所,-,箇所,○,-,×,○,○,-,○,35.70093,139.70026,00001B000000000309CE38A65EACFFC0
JR東日本,新宿,山手・中央本・中央(各駅停車)・埼京,線,東京都,新宿区,-,○,8,8,13,基,13,基,47,基,26,基,4,基,-,箇所,-,箇所,○,○,○,○,○,-,○,35.69047,139.70014,00001B000000000309CD7C265EAAFFC0
JR東日本,原宿,山手,線,東京都,渋谷区,-,○,1,1,1,基,1,基,2,基,1,基,-,基,-,箇所,-,箇所,○,○,○,○,○,-,○,35.67132,139.70269,00001B000000000309CC23A65ED87FC0
JR東日本,渋谷,山手・埼京,線,東京都,渋谷区,-,○,3,3,5,基,5,基,14,基,1,基,-,基,-,箇所,-,箇所,○,○,○,○,○,-,○,35.65809,139.70165,00001B000000000309CB35A65EC5FFC0
JR東日本,恵比寿,山手・埼京,線,東京都,渋谷区,-,○,2,2,3,基,3,基,13,基,4,基,-,基,1,箇所,-,箇所,○,○,○,○,○,-,○,35.64668,139.71013,00001B000000000309CA68265F5E7FC0
JR東日本,目黒,山手,線,東京都,品川区,-,○,1,1,1,基,1,基,4,基,3,基,-,基,-,箇所,-,箇所,○,○,○,○,○,-,○,35.63292,139.71583,00001B000000000309C970A65FC4FFC0
JR東日本,五反田,山手,線,東京都,品川区,-,○,1,1,2,基,2,基,4,基,-,基,-,基,-,箇所,-,箇所,○,○,○,○,○,-,○,35.62631,139.72353,00001B000000000309C8F9A6604FFFC0
JR東日本,板橋,埼京,線,東京都,板橋区,-,-,1,1,-,基,-,基,-,基,-,基,-,基,-,箇所,-,箇所,○,-,×,○,○,-,○,35.74499,139.71917,00001B000000000309D151A660017FC0
JR東日本,十条,埼京,線,東京都,北区,-,○,2,2,1,基,1,基,3,基,2,基,-,基,1,箇所,-,箇所,○,○,○,○,○,-,○,35.76039,139.72225,00001B000000000309D267266038FFC0
JR東日本,南流山,武蔵野,線,千葉県,流山市,-,○,2,2,2,基,2,基,4,基,-,基,-,基,-,箇所,-,箇所,○,-,○,○,○,-,○,35.83785,139.90423,00001B000000000309D7D9266D047FC0
JR東日本,神田,中央本・山手・京浜東北,線,東京都,千代田区,-,○,3,3,6,基,6,基,15,基,-,基,-,基,-,箇所,-,箇所,○,-,○,○,○,-,○,35.69177,139.77087,00001B000000000309CD93A663A3FFC0
JR東日本,御茶ノ水,中央本・中央,線,東京都,千代田区,-,○,2,2,-,基,-,基,-,基,-,基,2,基,-,箇所,-,箇所,○,○,×,○,○,-,○,35.6996,139.76503,00001B000000000309CE20A6633AFFC0
JR東日本,水道橋,中央,線,東京都,千代田区,-,○,2,2,2,基,2,基,1,基,1,基,2,基,-,箇所,-,箇所,○,-,○,○,○,-,○,35.702,139.75375,00001B000000000309CE4C26626FFFC0
JR東日本,飯田橋,中央,線,東京都,千代田区,-,○,1,1,1,基,1,基,2,基,1,基,-,基,-,箇所,-,箇所,○,○,○,○,○,-,○,35.70165,139.74489,00001B000000000309CE45A661D07FC0
JR東日本,市ケ谷,中央,線,東京都,千代田区,-,○,1,1,1,基,1,基,1,基,1,基,-,基,-,箇所,-,箇所,○,-,○,○,○,-,○,35.69116,139.73532,00001B000000000309CD88A66123FFC0
JR東日本,四ツ谷,中央本・中央,線,東京都,新宿区,-,○,2,2,2,基,2,基,5,基,-,基,-,基,-,箇所,-,箇所,○,○,○,○,○,-,○,35.68565,139.73053,00001B000000000309CD25A660CDFFC0
JR東日本,信濃町,中央,線,東京都,新宿区,-,○,1,1,1,基,1,基,2,基,2,基,-,基,-,箇所,-,箇所,○,○,○,○,○,-,○,35.67994,139.7211,00001B000000000309CCBEA66023FFC0
JR東日本,千駄ケ谷,中央,線,東京都,渋谷区,-,○,1,1,1,基,1,基,2,基,2,基,-,基,-,箇所,-,箇所,○,-,○,○,○,-,○,35.6812,139.71153,00001B000000000309CCD5A65F77FFC0
JR東日本,代々木,山手・中央,線,東京都,渋谷区,-,○,3,3,3,基,3,基,4,基,3,基,-,基,1,箇所,1,箇所,○,○,○,○,○,-,○,35.6838,139.70221,00001B000000000309CD04265ECFFFC0
JR東日本,大久保,中央,線,東京都,新宿区,-,○,1,1,1,基,1,基,1,基,1,基,-,基,-,箇所,-,箇所,○,-,○,○,○,-,○,35.70063,139.69744,00001B000000000309CE33265E79FFC0
JR東日本,東中野,中央,線,東京都,中野区,-,○,1,1,1,基,1,基,3,基,2,基,-,基,-,箇所,-,箇所,○,-,○,○,○,-,○,35.70625,139.68508,00001B000000000309CE98A65D9B7FC0
JR東日本,中野,中央本・中央(各駅停車),線,東京都,中野区,-,○,3,3,-,基,-,基,6,基,3,基,-,基,1,箇所,-,箇所,○,○,○,○,○,-,○,35.70574,139.66561,00001B000000000309CE8F265C3CFFC0
JR東日本,高円寺,中央本・中央(各駅停車),線,東京都,杉並区,-,○,2,2,2,基,2,基,6,基,3,基,-,基,-,箇所,-,箇所,○,○,○,○,○,-,○,35.70532,139.6497,00001B000000000309CE87A65B1EFFC0
JR東日本,阿佐ケ谷,中央本・中央(各駅停車),線,東京都,杉並区,-,○,2,2,2,基,2,基,6,基,2,基,-,基,-,箇所,-,箇所,○,○,○,○,○,-,○,35.70488,139.63585,00001B000000000309CE7FA65A257FC0
JR東日本,荻窪,中央本・中央(各駅停車),線,東京都,杉並区,-,○,2,2,6,基,5,基,4,基,2,基,-,基,-,箇所,-,箇所,○,-,○,○,○,-,○,35.70443,139.62025,00001B000000000309CE77A6590CFFC0
JR東日本,西荻窪,中央本・中央(各駅停車),線,東京都,杉並区,-,○,2,2,2,基,2,基,6,基,3,基,-,基,-,箇所,-,箇所,○,○,○,○,○,-,○,35.70378,139.59945,00001B000000000309CE6C2657967FC0
JR東日本,秋葉原,山手・京浜東北・総武(各駅停車),線,東京都,千代田区,-,○,4,4,7,基,6,基,31,基,6,基,-,基,-,箇所,-,箇所,○,○,○,○,○,-,○,35.69832,139.77321,00001B000000000309CE09A663CDFFC0
JR東日本,御徒町,山手・京浜東北,線,東京都,台東区,-,○,2,2,4,基,4,基,4,基,-,基,-,基,-,箇所,-,箇所,○,-,○,○,○,-,○,35.70719,139.77471,00001B000000000309CEA92663E8FFC0
JR東日本,上野,山手・京浜東北・常磐・東北・高崎・東北新幹・上越新幹・北陸新幹・山形新幹・秋田新幹,線,東京都,台東区,-,○,11,11,14,基,13,基,34,基,12,基,-,基,-,箇所,-,箇所,○,○,○,○,○,-,○,35.71322,139.77586,00001B000000000309CF15A663FD7FC0
JR東日本,上野（新幹線）,東北新幹・上越新幹・北陸新幹・山形新幹・秋田新幹,線,東京都,台東区,-,○,2,2,5,基,5,基,26,基,1,基,-,基,-,箇所,-,箇所,○,○,○,○,○,-,○,35.71332,139.77739,00001B000000000309CF17A664197FC0
JR東日本,鴬谷,山手・京浜東北,線,東京都,台東区,-,○,2,2,2,基,2,基,4,基,-,基,-,基,-,箇所,-,箇所,○,○,○,○,○,-,○,35.72145,139.77803,00001B000000000309CFAA266424FFC0
JR東日本,日暮里,山手・京浜東北・常磐,線,東京都,荒川区,-,○,3,3,3,基,3,基,13,基,-,基,-,基,-,箇所,-,箇所,○,-,○,○,○,-,○,35.72727,139.77097,00001B000000000309D012A663A57FC0
JR東日本,田端,山手・京浜東北,線,東京都,北区,-,○,2,2,2,基,2,基,4,基,-,基,-,基,1,箇所,-,箇所,○,○,○,○,○,-,○,35.73748,139.76157,00001B000000000309D0CAA662FC7FC0
JR東日本,上中里,京浜東北,線,東京都,北区,-,○,1,1,1,基,1,基,2,基,1,基,-,基,1,箇所,-,箇所,○,○,○,○,○,-,○,35.74708,139.74592,00001B000000000309D1772661E2FFC0
JR東日本,王子,京浜東北,線,東京都,北区,-,○,1,1,1,基,1,基,2,基,2,基,-,基,-,箇所,-,箇所,○,-,○,○,○,-,○,35.75232,139.73821,00001B000000000309D1D5A66157FFC0
JR東日本,東十条,京浜東北,線,東京都,北区,-,○,2,2,2,基,2,基,4,基,-,基,-,基,-,箇所,-,箇所,○,-,○,○,○,-,○,35.76383,139.72672,00001B000000000309D2A4A66088FFC0
JR東日本,赤羽,京浜東北・東北・高崎・埼京,線,東京都,北区,-,○,4,4,5,基,5,基,23,基,-,基,-,基,-,箇所,-,箇所,○,○,○,○,○,-,○,35.77763,139.72124,00001B000000000309D39D2660267FC0
JR東日本,西日暮里,山手・京浜東北,線,東京都,荒川区,-,○,2,2,2,基,2,基,4,基,2,基,-,基,-,箇所,-,箇所,○,○,○,○,○,-,○,35.73208,139.76678,00001B000000000309D06926635A7FC0
JR東日本,尾久,東北・高崎,線,東京都,北区,-,○,1,1,2,基,2,基,2,基,2,基,-,基,-,箇所,-,箇所,○,○,○,○,○,-,○,35.74682,139.75388,00001B000000000309D172A66271FFC0
JR東日本,北赤羽,埼京,線,東京都,北区,-,○,1,1,1,基,1,基,4,基,-,基,-,基,-,箇所,-,箇所,○,-,○,○,○,-,○,35.78699,139.70577,00001B000000000309D445A65F0FFFC0
JR東日本,浮間舟渡,埼京,線,東京都,北区,-,○,1,1,1,基,1,基,2,基,-,基,-,基,-,箇所,-,箇所,○,○,○,○,○,-,○,35.79126,139.69139,00001B000000000309D492A65E0D7FC0
JR東日本,三河島,常磐,線,東京都,荒川区,-,○,1,1,1,基,1,基,1,基,1,基,-,基,2,箇所,-,箇所,○,-,○,○,○,-,○,35.73338,139.77708,00001B000000000309D080A664137FC0
JR東日本,南千住,常磐,線,東京都,荒川区,-,○,1,1,1,基,1,基,2,基,1,基,-,基,1,箇所,-,箇所,○,○,○,○,○,-,○,35.73463,139.79982,00001B000000000309D0972665ACFFC0
JR東日本,北千住,常磐,線,東京都,足立区,-,○,2,2,5,基,3,基,10,基,1,基,-,基,1,箇所,-,箇所,○,○,○,○,○,-,○,35.74885,139.80464,00001B000000000309D197266603FFC0
JR東日本,綾瀬,常磐(各駅停車),線,東京都,足立区,-,○,1,1,1,基,1,基,2,基,-,基,-,基,-,箇所,-,箇所,○,-,-,○,○,-,○,35.76217,139.82494,00001B000000000309D287266770FFC0
JR東日本,亀有,常磐(各駅停車),線,東京都,葛飾区,-,○,1,1,1,基,1,基,4,基,4,基,-,基,-,箇所,-,箇所,○,-,○,○,○,-,○,35.76655,139.84755,00001B000000000309D2D5A66907FFC0
JR東日本,金町,常磐(各駅停車),線,東京都,葛飾区,-,○,1,1,1,基,1,基,2,基,2,基,-,基,-,箇所,-,箇所,○,○,○,○,○,-,○,35.76951,139.87039,00001B000000000309D30B266AA37FC0
JR東日本,松戸,常磐・常磐(各駅停車),線,千葉県,松戸市,-,-,3,3,-,基,-,基,3,基,3,基,-,基,-,箇所,-,箇所,○,○,×,○,○,-,○,35.7846,139.90082,00001B000000000309D41AA66CC6FFC0
JR東日本,北松戸,常磐(各駅停車),線,千葉県,松戸市,-,○,1,1,2,基,2,基,2,基,1,基,-,基,-,箇所,-,箇所,○,-,○,○,○,-,○,35.80137,139.9126,00001B000000000309D548A66D9AFFC0
JR東日本,馬橋,常磐(各駅停車),線,千葉県,松戸市,-,○,1,1,2,基,2,基,2,基,1,基,-,基,-,箇所,-,箇所,○,○,○,○,○,-,○,35.81168,139.91732,00001B000000000309D602266DEFFFC0
JR東日本,北小金,常磐(各駅停車),線,千葉県,松戸市,-,○,1,1,2,基,2,基,2,基,1,基,-,基,-,箇所,-,箇所,○,○,○,○,○,-,○,35.83317,139.93075,00001B000000000309D785266EE1FFC0
JR東日本,南柏,常磐(各駅停車),線,千葉県,柏市,-,○,1,1,1,基,1,基,2,基,-,基,-,基,-,箇所,-,箇所,○,○,○,○,○,-,○,35.84469,139.95428,00001B000000000309D8542670897FC0
JR東日本,柏,常磐・常磐(各駅停車),線,千葉県,柏市,-,○,2,2,2,基,2,基,4,基,-,基,-,基,-,箇所,-,箇所,○,○,○,○,○,-,○,35.8621,139.97096,00001B000000000309D98DA671B57FC0
JR東日本,我孫子,常磐・常磐(各駅停車)・成田,線,千葉県,我孫子市,-,○,4,4,-,基,-,基,8,基,4,基,-,基,-,箇所,-,箇所,○,-,○,○,○,-,○,35.87287,140.01042,00001B000000000309DA4FA6747BFFC0
JR東日本,取手,常磐・常磐(各駅停車),線,茨城県,取手市,-,-,3,3,2,基,2,基,5,基,3,基,-,基,-,箇所,-,箇所,○,○,○,○,○,-,○,35.89581,140.063,00001B000000000309DBECA6782E7FC0
JR東日本,北柏,常磐(各駅停車),線,千葉県,柏市,-,○,1,1,1,基,1,基,1,基,1,基,-,基,-,箇所,-,箇所,○,-,○,○,○,-,○,35.87569,139.98804,00001B000000000309DA822672E8FFC0
JR東日本,天王台,常磐・常磐(各駅停車),線,千葉県,我孫子市,-,-,2,2,1,基,1,基,3,基,2,基,-,基,-,箇所,-,箇所,○,-,○,○,○,-,○,35.87247,140.04232,00001B000000000309DA482676B9FFC0
JR東日本,新松戸,常磐(各駅停車)・武蔵野,線,千葉県,松戸市,-,○,3,3,2,基,2,基,10,基,2,基,-,基,1,箇所,-,箇所,○,-,○,○,○,-,○,35.82543,139.92116,00001B000000000309D6F9A66E34FFC0
JR東日本,新日本橋,総武本,線,東京都,中央区,-,-,1,1,2,基,1,基,6,基,-,基,-,基,-,箇所,-,箇所,○,-,○,○,○,-,○,35.68903,139.7743,00001B000000000309CD62A663E17FC0
JR東日本,馬喰町,総武本,線,東京都,中央区,-,-,1,1,2,基,1,基,6,基,-,基,-,基,-,箇所,-,箇所,○,-,○,○,○,-,○,35.69338,139.78243,00001B000000000309CDB0A66473FFC0
JR東日本,八丁堀,京葉,線,東京都,中央区,-,○,1,1,2,基,2,基,8,基,-,基,1,基,-,箇所,-,箇所,○,-,○,○,○,-,○,35.67462,139.77799,00001B000000000309CC5F266423FFC0
JR東日本,越中島,京葉,線,東京都,江東区,-,○,1,1,2,基,2,基,1,基,-,基,-,基,-,箇所,-,箇所,○,○,○,○,○,-,○,35.668,139.7925,00001B000000000309CBE82665297FC0
JR東日本,川崎,東海道本・南武・京浜東北,線,神奈川県,川崎市,-,○,3,3,3,基,3,基,3,基,2,基,-,基,-,箇所,-,箇所,○,○,○,○,○,-,○,35.53137,139.69681,00001B000000000309C24CA65E6EFFC0
JR東日本,鶴見,鶴見・京浜東北,線,神奈川県,横浜市,-,○,3,3,1,基,1,基,4,基,0,基,-,基,-,箇所,-,箇所,○,○,○,○,○,-,○,35.50794,139.67579,00001B000000000309C0A6A65CF47FC0
JR東日本,新子安,京浜東北,線,神奈川県,横浜市,-,○,1,1,2,基,2,基,2,基,-,基,-,基,-,箇所,-,箇所,○,○,○,○,○,-,○,35.48646,139.65604,00001B000000000309BF24265B90FFC0
JR東日本,東神奈川,横浜・京浜東北,線,神奈川県,横浜市,-,○,2,2,2,基,2,基,4,基,-,基,-,基,-,箇所,-,箇所,○,○,○,○,○,-,○,35.47787,139.63316,00001B000000000309BE89A659F4FFC0
JR東日本,横浜,東海道本・横須賀・京浜東北,線,神奈川県,横浜市,-,○,4,4,5,基,4,基,20,基,-,基,-,基,2,箇所,-,箇所,○,○,○,○,○,-,○,35.46576,139.6225,00001B000000000309BDAFA659357FC0
JR東日本,保土ケ谷,横須賀,線,神奈川県,横浜市,-,○,1,1,1,基,1,基,2,基,-,基,-,基,-,箇所,-,箇所,○,○,○,○,○,-,○,35.44722,139.60037,00001B000000000309BC61A657A6FFC0
JR東日本,戸塚,東海道本・横須賀,線,神奈川県,横浜市,-,○,2,2,3,基,3,基,6,基,-,基,-,基,-,箇所,-,箇所,○,○,○,○,○,-,○,35.40043,139.5343,00001B000000000309B917A653017FC0
JR東日本,大船,東海道本・横須賀・京浜東北,線,神奈川県,鎌倉市,-,○,5,5,5,基,5,基,18,基,-,基,-,基,-,箇所,-,箇所,○,○,○,○,○,-,○,35.35416,139.53116,00001B000000000309B5D6A652C8FFC0
JR東日本,藤沢,東海道本,線,神奈川県,藤沢市,-,○,2,2,2,基,2,基,2,基,-,基,-,基,-,箇所,-,箇所,○,○,○,○,○,-,○,35.33884,139.48642,00001B000000000309B4C3264FA3FFC0
JR東日本,辻堂,東海道本,線,神奈川県,藤沢市,-,○,1,1,2,基,2,基,2,基,1,基,-,基,1,箇所,-,箇所,○,-,○,○,○,-,○,35.33684,139.4459,00001B000000000309B49F264CCA7FC0
JR東日本,茅ケ崎,東海道本・相模,線,神奈川県,茅ケ崎市,-,○,3,3,4,基,3,基,4,基,-,基,-,基,-,箇所,-,箇所,○,○,○,○,○,-,○,35.33064,139.408,00001B000000000309B42FA64A207FC0
JR東日本,平塚,東海道本,線,神奈川県,平塚市,-,○,2,2,4,基,4,基,8,基,-,基,-,基,-,箇所,-,箇所,○,○,○,○,○,-,○,35.32755,139.34902,00001B000000000309B3F7A645FA7FC0
JR東日本,大磯,東海道本,線,神奈川県,大磯町,-,○,1,1,2,基,2,基,2,基,-,基,-,基,-,箇所,-,箇所,○,○,○,○,○,-,○,35.31146,139.31328,00001B000000000309B2D62643777FC0
JR東日本,二宮,東海道,線,神奈川県,二宮町,-,○,1,1,1,基,1,基,2,基,2,基,-,基,-,箇所,-,箇所,○,○,○,○,○,-,○,35.29867,139.25675,00001B000000000309B1F0263F7DFFC0
JR東日本,国府津,東海道本,線,神奈川県,小田原市,-,○,3,3,3,基,3,基,-,基,-,基,-,基,1,箇所,1,箇所,○,○,○,○,○,-,○,35.2814,139.21496,00001B000000000309B0B9263C8D7FC0
JR東日本,鴨宮,東海道本,線,神奈川県,小田原市,-,○,1,1,1,基,1,基,1,基,-,基,-,基,1,箇所,-,箇所,○,○,○,○,○,-,○,35.27573,139.18017,00001B000000000309B053263A1B7FC0
JR東日本,小田原,東海道本,線,神奈川県,小田原市,-,○,2,2,2,基,2,基,8,基,-,基,-,基,-,箇所,-,箇所,○,○,○,○,○,-,○,35.2561,139.15576,00001B000000000309AEF1A63863FFC0
JR東日本,真鶴,東海道本,線,神奈川県,真鶴町,-,○,1,1,1,基,1,基,1,基,1,基,-,基,-,箇所,-,箇所,○,○,○,○,○,-,○,35.15683,139.13232,00001B000000000309A7F6A636BDFFC0
JR東日本,湯河原,東海道本,線,神奈川県,湯河原町,-,○,1,1,1,基,1,基,1,基,1,基,-,基,-,箇所,-,箇所,○,○,○,○,○,-,○,35.14612,139.1022,00001B000000000309A73626349FFFC0
JR東日本,熱海,東海道本・伊東,線,静岡県,熱海市,-,○,3,3,3,基,3,基,3,基,3,基,-,基,-,箇所,-,箇所,○,○,○,○,○,-,○,35.10388,139.07794,00001B000000000309A43DA632EAFFC0
JR東日本,東戸塚,横須賀,線,神奈川県,横浜市,-,○,1,1,1,基,1,基,2,基,1,基,-,基,-,箇所,-,箇所,○,○,○,○,○,-,○,35.42996,139.5565,00001B000000000309BB2B2654917FC0
JR東日本,新川崎,横須賀,線,神奈川県,川崎市,-,○,1,1,1,基,1,基,2,基,1,基,-,基,-,箇所,-,箇所,○,○,○,○,○,-,○,35.55173,139.67155,00001B000000000309C3BB265CA7FFC0
JR東日本,尻手,南武,線,神奈川県,川崎市,-,○,2,2,2,基,2,基,-,基,-,基,-,基,-,箇所,-,箇所,○,-,○,○,○,-,○,35.53097,139.6843,00001B000000000309C245265D8D7FC0
JR東日本,矢向,南武,線,神奈川県,横浜市,-,○,2,2,2,基,2,基,-,基,-,基,-,基,-,箇所,-,箇所,○,-,○,○,○,-,○,35.53936,139.68042,00001B000000000309C2DC265D47FFC0
JR東日本,鹿島田,南武,線,神奈川県,川崎市,-,○,2,2,2,基,2,基,2,基,-,基,-,基,2,箇所,-,箇所,○,○,○,○,○,-,○,35.55145,139.67498,00001B000000000309C3B6265CE5FFC0
JR東日本,平間,南武,線,神奈川県,川崎市,-,○,2,2,2,基,2,基,-,基,-,基,-,基,-,箇所,-,箇所,○,-,○,○,○,-,○,35.56056,139.6711,00001B000000000309C45A265C9FFFC0
JR東日本,向河原,南武,線,神奈川県,川崎市,-,○,2,2,2,基,2,基,-,基,-,基,-,基,1,箇所,-,箇所,○,○,○,○,○,-,○,35.57218,139.6673,00001B000000000309C52B265C5B7FC0
JR東日本,武蔵小杉,南武,線,神奈川県,川崎市,-,○,3,3,7,基,7,基,19,基,-,基,-,基,1,箇所,-,箇所,○,○,○,○,○,-,○,35.57657,139.6597,00001B000000000309C57A265BD2FFC0
JR東日本,武蔵中原,南武,線,神奈川県,川崎市,-,○,2,2,3,基,3,基,6,基,-,基,-,基,-,箇所,-,箇所,○,○,○,○,○,-,○,35.58056,139.64214,00001B000000000309C5C2265A96FFC0
JR東日本,武蔵新城,南武,線,神奈川県,川崎市,-,○,1,1,1,基,1,基,4,基,2,基,-,基,1,箇所,-,箇所,○,○,○,○,○,-,○,35.58742,139.62909,00001B000000000309C63DA659ABFFC0
JR東日本,武蔵溝ノ口,南武,線,神奈川県,川崎市,-,○,2,2,2,基,2,基,4,基,-,基,-,基,-,箇所,-,箇所,○,○,○,○,○,-,○,35.59882,139.61138,00001B000000000309C70AA6586CFFC0
JR東日本,津田山,南武,線,神奈川県,川崎市,-,-,1,1,-,基,-,基,-,基,-,基,-,基,-,箇所,-,箇所,○,-,×,○,○,-,○,35.60365,139.60072,00001B000000000309C761A657ACFFC0
JR東日本,久地,南武,線,神奈川県,川崎市,-,○,2,2,3,基,3,基,-,基,-,基,-,基,-,箇所,-,箇所,○,○,○,○,○,-,○,35.6101,139.59308,00001B000000000309C7D5A657237FC0
JR東日本,宿河原,南武,線,神奈川県,川崎市,-,○,2,2,3,基,3,基,-,基,-,基,-,基,-,箇所,-,箇所,○,○,○,○,○,-,○,35.61542,139.57955,00001B000000000309C835A6562FFFC0
JR東日本,登戸,南武,線,神奈川県,川崎市,-,○,2,2,2,基,2,基,4,基,-,基,-,基,1,箇所,-,箇所,○,○,○,○,○,-,○,35.6207,139.57027,00001B000000000309C894A65588FFC0
JR東日本,中野島,南武,線,神奈川県,川崎市,-,○,2,2,2,基,2,基,-,基,-,基,-,基,1,箇所,1,箇所,○,-,○,○,○,-,○,35.63002,139.55108,00001B000000000309C93C26542F7FC0
JR東日本,稲田堤,南武,線,神奈川県,川崎市,-,○,2,2,2,基,2,基,-,基,-,基,-,基,-,箇所,-,箇所,○,○,○,○,○,-,○,35.63341,139.53593,00001B000000000309C97926531EFFC0
JR東日本,浜川崎,南武,線,神奈川県,川崎市,-,-,2,2,-,基,-,基,-,基,-,基,-,基,-,箇所,-,箇所,○,-,×,○,○,-,○,35.51038,139.71378,00001B000000000309C0D2A65FA07FC0
JR東日本,国道,鶴見,線,神奈川県,横浜市,-,-,2,2,-,基,-,基,-,基,-,基,-,基,-,箇所,-,箇所,○,-,×,○,○,-,○,35.500871,139.675549,00001B000000000309C027A65CEFFFC0
JR東日本,鶴見小野,鶴見,線,神奈川県,横浜市,-,○,2,2,-,基,-,基,-,基,-,基,-,基,2,箇所,2,箇所,○,-,×,○,○,-,○,35.49702,139.68128,00001B000000000309BFE2265D577FC0
JR東日本,弁天橋,鶴見,線,神奈川県,横浜市,-,○,1,1,-,基,-,基,-,基,-,基,-,基,1,箇所,1,箇所,○,-,×,○,○,-,○,35.4958,139.68948,00001B000000000309BFCC265DEAFFC0
JR東日本,安善,鶴見,線,神奈川県,横浜市,-,-,1,1,-,基,-,基,-,基,-,基,-,基,-,箇所,-,箇所,○,-,-,○,○,-,○,35.49984,139.70125,00001B000000000309C015265EBEFFC0
JR東日本,武蔵白石,鶴見,線,神奈川県,川崎市,-,-,3,3,-,基,-,基,-,基,-,基,-,基,-,箇所,-,箇所,○,-,×,○,○,-,○,35.50193,139.70653,00001B000000000309C03AA65F1DFFC0
JR東日本,海芝浦,鶴見,線,神奈川県,横浜市,-,○,1,1,-,基,-,基,-,基,-,基,-,基,1,箇所,1,箇所,○,-,-,○,-,-,○,35.48613,139.70067,00001B000000000309BF1E265EB47FC0
JR東日本,大口,横浜,線,神奈川県,横浜市,-,○,1,1,3,基,3,基,-,基,-,基,-,基,-,箇所,-,箇所,○,-,○,○,○,-,○,35.49229,139.64633,00001B000000000309BF8D265AE1FFC0
JR東日本,菊名,横浜,線,神奈川県,横浜市,-,○,1,1,-,基,-,基,-,基,-,基,1,基,-,箇所,-,箇所,○,-,○,○,○,-,○,35.50966,139.6301,00001B000000000309C0C5A659BDFFC0
JR東日本,小机,横浜,線,神奈川県,横浜市,-,○,2,2,2,基,2,基,4,基,-,基,-,基,-,箇所,-,箇所,○,○,○,○,○,-,○,35.50863,139.59962,00001B000000000309C0B32657997FC0
JR東日本,新横浜,横浜,線,神奈川県,横浜市,-,○,1,1,3,基,3,基,3,基,-,基,-,基,-,箇所,-,箇所,○,○,○,○,○,-,○,35.50677,139.61743,00001B000000000309C091A658D9FFC0
JR東日本,鴨居,横浜,線,神奈川県,横浜市,-,○,1,1,1,基,1,基,2,基,-,基,-,基,-,箇所,-,箇所,○,○,○,○,○,-,○,35.51085,139.56695,00001B000000000309C0DB26554D7FC0
JR東日本,中山,横浜,線,神奈川県,横浜市,-,○,2,2,2,基,2,基,8,基,2,基,-,基,-,箇所,-,箇所,○,-,○,○,○,-,○,35.51477,139.53922,00001B000000000309C121A65359FFC0
JR東日本,長津田,横浜,線,神奈川県,横浜市,-,○,1,1,1,基,1,基,2,基,1,基,-,基,-,箇所,-,箇所,○,○,○,○,○,-,○,35.53164,139.49529,00001B000000000309C251A650437FC0
JR東日本,町田,横浜,線,東京都,町田市,-,○,2,2,2,基,2,基,4,基,-,基,-,基,-,箇所,-,箇所,○,○,○,○,○,-,○,35.54154,139.44659,00001B000000000309C303A64CD6FFC0
JR東日本,淵野辺,横浜,線,神奈川県,相模原市,-,○,1,1,1,基,1,基,2,基,-,基,-,基,-,箇所,-,箇所,○,○,○,○,○,-,○,35.56836,139.3956,00001B000000000309C4E6264940FFC0
JR東日本,矢部,横浜,線,神奈川県,相模原市,-,○,1,1,1,基,1,基,1,基,-,基,-,基,-,箇所,-,箇所,○,○,○,○,○,-,○,35.5731,139.38654,00001B000000000309C53BA6489DFFC0
JR東日本,相模原,横浜,線,神奈川県,相模原市,-,○,2,2,2,基,2,基,4,基,-,基,-,基,-,箇所,-,箇所,○,○,○,○,○,-,○,35.58148,139.37064,00001B000000000309C5D2A6477FFFC0
JR東日本,橋本,横浜・相模,線,神奈川県,相模原市,-,○,3,3,3,基,3,基,6,基,-,基,-,基,-,箇所,-,箇所,○,○,○,○,○,-,○,35.59484,139.34509,00001B000000000309C6C32645B3FFC0
JR東日本,十日市場,横浜,線,神奈川県,横浜市,-,○,1,1,1,基,1,基,2,基,0,基,-,基,1,箇所,-,箇所,○,○,○,○,○,-,○,35.52626,139.51649,00001B000000000309C1F0A651C0FFC0
JR東日本,成瀬,横浜,線,東京都,町田市,-,○,1,1,1,基,1,基,2,基,2,基,-,基,-,箇所,-,箇所,○,○,○,○,○,-,○,35.53542,139.47291,00001B000000000309C295A64EB07FC0
JR東日本,古淵,横浜,線,神奈川県,相模原市,-,○,2,2,2,基,2,基,4,基,-,基,-,基,-,箇所,-,箇所,○,○,○,○,○,-,○,35.55598,139.41924,00001B000000000309C407A64AEA7FC0
JR東日本,桜木町,根岸,線,神奈川県,横浜市,-,○,2,2,2,基,2,基,4,基,-,基,-,基,-,箇所,-,箇所,○,○,○,○,○,-,○,35.4511,139.63088,00001B000000000309BCA7A659CBFFC0
JR東日本,関内,根岸,線,神奈川県,横浜市,-,-,2,2,-,基,-,基,3,基,3,基,-,基,1,箇所,-,箇所,○,-,○,○,○,-,○,35.44416,139.63603,00001B000000000309BC2AA65A28FFC0
JR東日本,石川町,根岸,線,神奈川県,横浜市,-,○,2,2,2,基,2,基,4,基,2,基,-,基,1,箇所,-,箇所,○,○,○,○,○,-,○,35.43874,139.643,00001B000000000309BBC9265AA67FC0
JR東日本,山手,根岸,線,神奈川県,横浜市,-,○,2,2,2,基,2,基,2,基,2,基,-,基,-,箇所,-,箇所,○,○,○,○,○,-,○,35.4268,139.64647,00001B000000000309BAF2265AE47FC0
JR東日本,根岸,根岸,線,神奈川県,横浜市,-,○,1,1,2,基,2,基,4,基,-,基,-,基,-,箇所,-,箇所,○,○,○,○,○,-,○,35.41586,139.6361,00001B000000000309BA2D265A29FFC0
JR東日本,磯子,根岸,線,神奈川県,横浜市,-,○,1,1,1,基,1,基,2,基,-,基,-,基,-,箇所,-,箇所,○,○,○,○,○,-,○,35.40058,139.61847,00001B000000000309B91A2658EC7FC0
JR東日本,新杉田,根岸,線,神奈川県,横浜市,-,○,2,2,2,基,2,基,4,基,-,基,-,基,1,箇所,-,箇所,○,○,○,○,○,-,○,35.3868,139.61944,00001B000000000309B8222658FDFFC0
JR東日本,洋光台,根岸,線,神奈川県,横浜市,-,○,1,1,1,基,1,基,2,基,1,基,-,基,-,箇所,-,箇所,○,○,○,○,○,-,○,35.37878,139.59684,00001B000000000309B7922657677FC0
JR東日本,港南台,根岸,線,神奈川県,横浜市,-,○,1,1,1,基,1,基,2,基,-,基,-,基,-,箇所,-,箇所,○,○,○,○,○,-,○,35.37517,139.57624,00001B000000000309B7512655F47FC0
JR東日本,本郷台,根岸,線,神奈川県,横浜市,-,○,1,1,1,基,1,基,2,基,-,基,-,基,1,箇所,-,箇所,○,○,○,○,○,-,○,35.36785,139.55012,00001B000000000309B6CD26541E7FC0
JR東日本,北鎌倉,横須賀,線,神奈川県,鎌倉市,-,○,2,2,1,基,1,基,-,基,-,基,-,基,1,箇所,-,箇所,○,○,○,○,○,-,○,35.33794,139.54457,00001B000000000309B4B2A653BA7FC0
JR東日本,鎌倉,横須賀,線,神奈川県,鎌倉市,-,○,1,1,3,基,3,基,3,基,-,基,-,基,-,箇所,-,箇所,○,○,○,○,○,-,○,35.31931,139.55041,00001B000000000309B363A654237FC0
JR東日本,逗子,横須賀,線,神奈川県,逗子市,-,○,2,2,2,基,2,基,4,基,-,基,-,基,-,箇所,-,箇所,○,○,○,○,○,-,○,35.29739,139.57837,00001B000000000309B1D926561AFFC0
JR東日本,東逗子,横須賀,線,神奈川県,逗子市,-,○,2,2,2,基,2,基,2,基,2,基,-,基,-,箇所,-,箇所,○,○,○,○,○,-,○,35.29877,139.60182,00001B000000000309B1F1A657C0FFC0
JR東日本,田浦,横須賀,線,神奈川県,横須賀市,-,○,1,1,2,基,2,基,-,基,-,基,-,基,-,箇所,-,箇所,○,○,○,○,○,-,○,35.29284,139.63753,00001B000000000309B187265A43FFC0
JR東日本,横須賀,横須賀,線,神奈川県,横須賀市,-,○,1,1,-,基,-,基,-,基,-,基,-,基,-,箇所,-,箇所,○,○,○,○,○,-,○,35.28421,139.6549,00001B000000000309B0EBA65B7C7FC0
JR東日本,衣笠,横須賀,線,神奈川県,横須賀市,-,○,1,1,2,基,2,基,-,基,-,基,-,基,1,箇所,-,箇所,○,○,○,○,○,-,○,35.25711,139.66099,00001B000000000309AF03A65BE9FFC0
JR東日本,久里浜,横須賀,線,神奈川県,横須賀市,-,○,1,1,2,基,2,基,2,基,-,基,-,基,-,箇所,-,箇所,○,○,○,○,○,-,○,35.23319,139.70092,00001B000000000309AD55265EB8FFC0
JR東日本,北茅ケ崎,相模,線,神奈川県,茅ケ崎市,-,-,1,1,-,基,-,基,-,基,-,基,-,基,-,箇所,-,箇所,○,-,×,○,○,-,○,35.33968,139.40747,00001B000000000309B4D2264A167FC0
JR東日本,香川,相模,線,神奈川県,茅ケ崎市,-,○,1,1,-,基,-,基,-,基,-,基,-,基,1,箇所,1,箇所,○,-,-,○,○,-,○,35.3566,139.39983,00001B000000000309B602A6498CFFC0
JR東日本,寒川,相模,線,神奈川県,寒川町,-,○,1,1,1,基,1,基,1,基,-,基,-,基,-,箇所,-,箇所,○,-,○,○,○,-,○,35.36771,139.38732,00001B000000000309B6CAA648ABFFC0
JR東日本,宮山,相模,線,神奈川県,寒川町,-,○,1,1,-,基,-,基,-,基,-,基,-,基,1,箇所,1,箇所,○,-,-,○,○,-,○,35.38222,139.37966,00001B000000000309B7CFA64821FFC0
JR東日本,倉見,相模,線,神奈川県,寒川町,-,-,1,1,-,基,-,基,-,基,-,基,-,基,-,箇所,-,箇所,○,-,×,○,○,-,○,35.39505,139.37839,00001B000000000309B8B6A6480B7FC0
JR東日本,門沢橋,相模,線,神奈川県,海老名市,-,○,1,1,-,基,-,基,-,基,-,基,-,基,1,箇所,1,箇所,○,-,×,○,○,-,○,35.4067,139.38006,00001B000000000309B988A648297FC0
JR東日本,社家,相模,線,神奈川県,海老名市,-,-,1,1,-,基,-,基,-,基,-,基,-,基,-,箇所,-,箇所,○,-,×,○,○,-,○,35.42041,139.37719,00001B000000000309BA7F2647F57FC0
JR東日本,厚木,相模,線,神奈川県,海老名市,-,○,1,1,-,基,-,基,-,基,-,基,-,基,1,箇所,1,箇所,○,-,-,○,○,-,○,35.44382,139.3786,00001B000000000309BC24A6480EFFC0
JR東日本,原当麻,相模,線,神奈川県,相模原市,-,○,1,1,1,基,1,基,-,基,-,基,-,基,-,箇所,-,箇所,○,-,○,○,○,-,○,35.529,139.37536,00001B000000000309C2222647D47FC0
JR東日本,番田,相模,線,神奈川県,相模原市,-,○,1,1,2,基,2,基,-,基,-,基,-,基,1,箇所,-,箇所,○,-,○,○,○,-,○,35.54536,139.36313,00001B000000000309C3482646F87FC0
JR東日本,上溝,相模,線,神奈川県,相模原市,-,○,1,1,1,基,1,基,1,基,-,基,-,基,-,箇所,-,箇所,○,○,○,○,○,-,○,35.55764,139.36313,00001B000000000309C425A646F87FC0
JR東日本,南橋本,相模,線,神奈川県,相模原市,-,○,1,1,1,基,1,基,2,基,-,基,-,基,-,箇所,-,箇所,○,○,○,○,○,-,○,35.5804,139.35242,00001B000000000309C5BF264637FFC0
JR東日本,海老名,相模,線,神奈川県,海老名市,-,○,1,1,1,基,1,基,-,基,-,基,-,基,-,箇所,-,箇所,○,-,○,○,○,-,○,35.45423,139.3893,00001B000000000309BCE02648CF7FC0
JR東日本,伊東,伊東,線,静岡県,伊東市,-,○,2,2,2,基,2,基,2,基,-,基,-,基,-,箇所,-,箇所,○,○,○,○,○,-,○,34.97483,139.09211,00001B0000000003099B2AA633E9FFC0
JR東日本,矢野口,南武,線,東京都,稲城市,-,○,1,1,1,基,1,基,2,基,-,基,-,基,-,箇所,-,箇所,○,○,○,○,○,-,○,35.64173,139.52043,00001B000000000309CA0F265207FFC0
JR東日本,稲城長沼,南武,線,東京都,稲城市,-,○,2,2,2,基,2,基,4,基,-,基,-,基,-,箇所,-,箇所,○,○,○,○,○,-,○,35.64428,139.50261,00001B000000000309CA3D2650C6FFC0
JR東日本,南多摩,南武,線,東京都,稲城市,-,○,1,1,1,基,1,基,2,基,-,基,-,基,-,箇所,-,箇所,○,○,○,○,○,-,○,35.64921,139.48954,00001B000000000309CA95A64FDBFFC0
JR東日本,府中本町,南武・武蔵野,線,東京都,府中市,-,○,3,3,4,基,4,基,8,基,0,基,1,基,-,箇所,-,箇所,○,○,○,○,○,-,○,35.66589,139.47728,00001B000000000309CBC2264EFF7FC0
JR東日本,分倍河原,南武,線,東京都,府中市,-,○,2,2,2,基,2,基,-,基,-,基,-,基,-,箇所,-,箇所,○,-,○,○,○,-,○,35.66842,139.46892,00001B000000000309CBEFA64E68FFC0
JR東日本,谷保,南武,線,東京都,国立市,-,○,2,2,2,基,2,基,-,基,-,基,-,基,2,箇所,-,箇所,○,○,○,○,○,-,○,35.68138,139.44678,00001B000000000309CCD8A64CDA7FC0
JR東日本,矢川,南武,線,東京都,国立市,-,○,1,1,1,基,1,基,1,基,1,基,-,基,-,箇所,-,箇所,○,-,○,○,○,-,○,35.68507,139.43159,00001B000000000309CD1B264BC8FFC0
JR東日本,西府,南武,線,東京都,府中市,-,○,2,2,2,基,2,基,4,基,-,基,-,基,-,箇所,-,箇所,○,○,○,○,○,-,○,35.67094,139.45739,00001B000000000309CC1CA64D997FC0
JR東日本,西国立,南武,線,東京都,立川市,-,○,2,2,2,基,2,基,-,基,-,基,-,基,1,箇所,-,箇所,○,○,○,○,○,-,○,35.69379,139.4239,00001B000000000309CDB8264B3E7FC0
JR東日本,北府中,武蔵野,線,東京都,府中市,-,○,1,1,2,基,2,基,1,基,-,基,-,基,-,箇所,-,箇所,○,○,○,○,○,-,○,35.68086,139.47179,00001B000000000309CCCF264E9C7FC0
JR東日本,新小平,武蔵野,線,東京都,小平市,-,○,2,2,2,基,2,基,4,基,-,基,-,基,3,箇所,-,箇所,○,○,○,○,○,-,○,35.73092,139.47049,00001B000000000309D054A64E84FFC0
JR東日本,新秋津,武蔵野,線,東京都,東村山市,-,○,2,2,2,基,2,基,4,基,-,基,-,基,-,箇所,-,箇所,○,○,○,○,○,-,○,35.77831,139.49375,00001B000000000309D3A9A65027FFC0
JR東日本,東所沢,武蔵野,線,埼玉県,所沢市,-,○,2,2,2,基,2,基,2,基,-,基,-,基,1,箇所,-,箇所,○,○,○,○,○,-,○,35.79489,139.51454,00001B000000000309D4D426519DFFC0
JR東日本,新座,武蔵野,線,埼玉県,新座市,-,○,2,2,2,基,2,基,4,基,-,基,-,基,-,箇所,-,箇所,○,○,○,○,○,-,○,35.8038,139.55629,00001B000000000309D57426548D7FC0
JR東日本,相原,横浜,線,東京都,町田市,-,○,2,2,2,基,2,基,4,基,-,基,-,基,-,箇所,-,箇所,○,○,○,○,○,-,○,35.60693,139.33168,00001B000000000309C79CA644C27FC0
JR東日本,八王子みなみ野,横浜,線,東京都,八王子市,-,○,1,1,1,基,1,基,2,基,-,基,-,基,-,箇所,-,箇所,○,○,○,○,○,-,○,35.63129,139.33098,00001B000000000309C9532644B5FFC0
JR東日本,片倉,横浜,線,東京都,八王子市,-,○,2,2,2,基,2,基,2,基,-,基,-,基,-,箇所,-,箇所,○,○,○,○,○,-,○,35.63967,139.34116,00001B000000000309C9EA26456CFFC0
JR東日本,吉祥寺,中央本・中央（各駅停車）,線,東京都,武蔵野市,-,○,2,2,3,基,3,基,6,基,-,基,-,基,-,箇所,-,箇所,○,-,○,○,○,-,○,35.70314,139.57981,00001B000000000309CE60A65634FFC0
JR東日本,三鷹,中央本・中央（各駅停車）,線,東京都,三鷹市,-,○,3,3,3,基,3,基,8,基,-,基,-,基,-,箇所,-,箇所,○,○,○,○,○,-,○,35.70269,139.56064,00001B000000000309CE582654DBFFC0
JR東日本,武蔵境,中央本,線,東京都,武蔵野市,-,○,2,2,2,基,2,基,4,基,-,基,-,基,-,箇所,-,箇所,○,○,○,○,○,-,○,35.70209,139.54356,00001B000000000309CE4DA653A87FC0
JR東日本,東小金井,中央本,線,東京都,小金井市,-,○,2,2,2,基,2,基,4,基,-,基,-,基,-,箇所,-,箇所,○,-,○,○,○,-,○,35.70156,139.52376,00001B000000000309CE44265243FFC0
JR東日本,武蔵小金井,中央本,線,東京都,小金井市,-,○,2,2,2,基,2,基,4,基,-,基,-,基,-,箇所,-,箇所,○,-,○,○,○,-,○,35.70103,139.50593,00001B000000000309CE3AA65102FFC0
JR東日本,国分寺,中央本,線,東京都,国分寺市,-,○,2,2,2,基,2,基,5,基,-,基,-,基,-,箇所,-,箇所,○,-,○,○,○,-,○,35.70013,139.48085,00001B000000000309CE2A264F3F7FC0
JR東日本,国立,中央本,線,東京都,国立市,-,○,2,2,2,基,2,基,4,基,-,基,-,基,-,箇所,-,箇所,○,-,○,○,○,-,○,35.6992,139.44642,00001B000000000309CE19A64CD3FFC0
JR東日本,立川,中央本・青梅・南武,線,東京都,立川市,-,○,4,4,4,基,4,基,18,基,-,基,-,基,-,箇所,-,箇所,○,○,○,○,○,-,○,35.69802,139.41373,00001B000000000309CE04264A877FC0
JR東日本,日野,中央本,線,東京都,日野市,-,○,1,1,1,基,1,基,-,基,-,基,-,基,-,箇所,-,箇所,○,○,○,○,○,-,○,35.67855,139.39343,00001B000000000309CCA5A64919FFC0
JR東日本,豊田,中央本,線,東京都,日野市,-,○,2,2,3,基,3,基,4,基,-,基,-,基,-,箇所,-,箇所,○,○,○,○,○,-,○,35.65945,139.38145,00001B000000000309CB4E2648427FC0
JR東日本,八王子,中央本・横浜,線,東京都,八王子市,-,○,3,3,3,基,3,基,6,基,-,基,-,基,-,箇所,-,箇所,○,○,○,○,○,-,○,35.6555,139.33882,00001B000000000309CB07264542FFC0
JR東日本,西八王子,中央本,線,東京都,八王子市,-,○,2,2,2,基,2,基,4,基,-,基,-,基,-,箇所,-,箇所,○,○,○,○,○,-,○,35.65628,139.31201,00001B000000000309CB152643607FC0
JR東日本,高尾,中央本,線,東京都,八王子市,-,○,2,2,-,基,-,基,4,基,2,基,-,基,-,箇所,-,箇所,○,-,×,○,○,-,○,35.64238,139.28264,00001B000000000309CA1AA6414FFFC0
JR東日本,相模湖,中央本,線,神奈川県,相模原市,-,○,2,2,2,基,2,基,-,基,-,基,-,基,-,箇所,-,箇所,○,○,○,○,○,-,○,35.61731,139.18853,00001B000000000309C857A63AB1FFC0
JR東日本,藤野,中央本,線,神奈川県,相模原市,-,○,1,1,2,基,2,基,-,基,-,基,-,基,-,箇所,-,箇所,○,○,○,○,○,-,○,35.61599,139.15133,00001B000000000309C83FA63813FFC0
JR東日本,上野原,中央本,線,山梨県,上野原市,-,○,1,1,1,基,1,基,1,基,-,基,-,基,-,箇所,-,箇所,○,○,○,○,○,-,○,35.61845,139.11541,00001B000000000309C86C26358D7FC0
JR東日本,四方津,中央本,線,山梨県,上野原市,-,-,2,2,-,基,-,基,-,基,-,基,-,基,-,箇所,-,箇所,○,-,×,○,○,-,○,35.61414,139.07366,00001B000000000309C81EA6329DFFC0
JR東日本,大月,中央本,線,山梨県,大月市,-,○,2,2,2,基,2,基,-,基,-,基,-,基,-,箇所,-,箇所,○,-,○,○,○,-,○,35.61325,138.94257,00001B000000000309C80EA629667FC0
JR東日本,塩山,中央本,線,山梨県,甲州市,-,○,2,2,2,基,2,基,-,基,-,基,-,基,-,箇所,-,箇所,○,-,-,○,○,-,○,35.70537,138.73476,00001B000000000309CE88A61AC9FFC0
JR東日本,山梨市,中央本,線,山梨県,山梨市,-,-,2,2,-,基,-,基,-,基,-,基,-,基,-,箇所,-,箇所,○,-,○,○,○,-,○,35.68499,138.68297,00001B000000000309CD19A617257FC0
JR東日本,石和温泉,中央本,線,山梨県,笛吹市,-,○,2,2,2,基,2,基,-,基,-,基,-,基,-,箇所,-,箇所,○,○,○,○,○,-,○,35.65753,138.63449,00001B000000000309CB2BA613BCFFC0
JR東日本,酒折,中央本,線,山梨県,甲府市,-,-,1,1,-,基,-,基,-,基,-,基,-,基,-,箇所,-,箇所,○,-,×,○,○,-,○,35.65963,138.59934,00001B000000000309CB512611447FC0
JR東日本,甲府,中央本,線,山梨県,甲府市,-,○,2,2,2,基,2,基,4,基,1,基,-,基,-,箇所,-,箇所,○,-,○,○,○,-,○,35.66712,138.56876,00001B000000000309CBD8260F1DFFC0
JR東日本,竜王,中央本,線,山梨県,甲斐市,-,○,2,2,2,基,2,基,2,基,-,基,-,基,-,箇所,-,箇所,○,○,○,○,○,-,○,35.66868,138.51935,00001B000000000309CBF4260BA47FC0
JR東日本,韮崎,中央本,線,山梨県,韮崎市,-,○,1,1,1,基,1,基,-,基,-,基,-,基,-,箇所,-,箇所,○,-,○,○,○,-,○,35.70961,138.45145,00001B000000000309CED4A606DE7FC0
JR東日本,西国分寺,中央本・武蔵野,線,東京都,国分寺市,-,○,4,4,4,基,4,基,10,基,6,基,-,基,-,箇所,-,箇所,○,-,○,○,○,-,○,35.69973,139.46593,00001B000000000309CE23264E32FFC0
JR東日本,西立川,青梅,線,東京都,立川市,-,○,1,1,2,基,2,基,1,基,-,基,-,基,-,箇所,-,箇所,○,○,○,○,○,-,○,35.70361,139.39316,00001B000000000309CE68A64914FFC0
JR東日本,東中神,青梅,線,東京都,昭島市,-,○,2,2,2,基,2,基,-,基,-,基,-,基,1,箇所,-,箇所,○,○,○,○,○,-,○,35.70627,139.38459,00001B000000000309CE98A6487AFFC0
JR東日本,中神,青梅,線,東京都,昭島市,-,○,2,2,2,基,2,基,2,基,-,基,-,基,1,箇所,-,箇所,○,○,○,○,○,-,○,35.709,139.37571,00001B000000000309CECA2647DAFFC0
JR東日本,昭島,青梅,線,東京都,昭島市,-,○,1,1,1,基,1,基,2,基,-,基,-,基,-,箇所,-,箇所,○,○,○,○,○,-,○,35.71322,139.36164,00001B000000000309CF15A646DDFFC0
JR東日本,拝島,青梅・八高・五日市,線,東京都,昭島市,-,○,3,3,3,基,3,基,6,基,-,基,-,基,-,箇所,-,箇所,○,○,○,○,○,-,○,35.72119,139.34347,00001B000000000309CFA52645967FC0
JR東日本,牛浜,青梅,線,東京都,福生市,-,○,1,1,1,基,1,基,1,基,-,基,-,基,-,箇所,-,箇所,○,○,-,○,○,-,○,35.73434,139.33379,00001B000000000309D0922644E87FC0
JR東日本,福生,青梅,線,東京都,福生市,-,○,1,1,1,基,1,基,2,基,-,基,-,基,-,箇所,-,箇所,○,○,○,○,○,-,○,35.74249,139.32774,00001B000000000309D124A6447B7FC0
JR東日本,羽村,青梅,線,東京都,羽村市,-,○,1,1,1,基,1,基,2,基,-,基,-,基,-,箇所,-,箇所,○,○,○,○,○,-,○,35.75794,139.3163,00001B000000000309D23AA643AD7FC0
JR東日本,小作,青梅,線,東京都,羽村市,-,○,2,2,2,基,2,基,4,基,-,基,-,基,-,箇所,-,箇所,○,○,○,○,○,-,○,35.77605,139.30228,00001B000000000309D380A642B17FC0
JR東日本,河辺,青梅,線,東京都,青梅市,-,○,1,1,1,基,1,基,2,基,-,基,-,基,-,箇所,-,箇所,○,○,○,○,○,-,○,35.78478,139.28406,00001B000000000309D41E2641697FC0
JR東日本,東青梅,青梅,線,東京都,青梅市,-,○,1,1,1,基,1,基,-,基,-,基,-,基,-,箇所,-,箇所,○,-,-,○,○,-,○,35.78981,139.27281,00001B000000000309D478A6409EFFC0
JR東日本,青梅,青梅,線,東京都,青梅市,-,○,1,1,2,基,2,基,-,基,-,基,-,基,-,箇所,-,箇所,○,-,○,○,○,-,○,35.79055,139.25813,00001B000000000309D485A63F967FC0
JR東日本,東秋留,五日市,線,東京都,あきる野市,-,○,1,1,1,基,1,基,-,基,-,基,-,基,-,箇所,-,箇所,○,-,-,○,○,-,○,35.72594,139.31168,00001B000000000309CFFAA6435A7FC0
JR東日本,秋川,五日市,線,東京都,あきる野市,-,○,2,2,2,基,2,基,2,基,-,基,-,基,-,箇所,-,箇所,○,-,-,○,○,-,○,35.72805,139.28675,00001B000000000309D020A64199FFC0
JR東日本,武蔵引田,五日市,線,東京都,あきる野市,-,○,1,1,-,基,-,基,-,基,-,基,-,基,1,箇所,1,箇所,○,-,-,○,○,-,○,35.72969,139.27008,00001B000000000309D03E26406D7FC0
JR東日本,武蔵増戸,五日市,線,東京都,あきる野市,-,○,2,2,2,基,2,基,-,基,-,基,-,基,-,箇所,-,箇所,○,-,-,○,○,-,○,35.73096,139.25631,00001B000000000309D055263F75FFC0
JR東日本,武蔵五日市,五日市,線,東京都,あきる野市,-,○,1,1,1,基,1,基,2,基,-,基,-,基,-,箇所,-,箇所,○,○,○,○,○,-,○,35.73215,139.22812,00001B000000000309D06AA63D7A7FC0
JR東日本,北八王子,八高,線,東京都,八王子市,-,○,2,2,2,基,2,基,-,基,-,基,-,基,-,箇所,-,箇所,○,-,○,○,○,-,○,35.66927,139.3634,00001B000000000309CBFEA646FD7FC0
JR東日本,小宮,八高,線,東京都,八王子市,-,○,2,2,2,基,2,基,-,基,-,基,-,基,-,箇所,-,箇所,○,-,○,○,○,-,○,35.68592,139.36844,00001B000000000309CD2AA64757FFC0
JR東日本,東福生,八高,線,東京都,福生市,-,-,1,1,-,基,-,基,-,基,-,基,-,基,-,箇所,-,箇所,○,-,-,○,○,-,○,35.745814,139.335946,00001B000000000309D160A6450F7FC0
JR東日本,箱根ケ崎,八高,線,東京都,瑞穂町,-,○,1,1,1,基,1,基,2,基,-,基,-,基,-,箇所,-,箇所,○,○,○,○,○,-,○,35.7717,139.34674,00001B000000000309D332A645D17FC0
JR東日本,金子,八高,線,埼玉県,入間市,-,○,2,2,2,基,2,基,-,基,-,基,-,基,-,箇所,-,箇所,○,-,○,○,○,-,○,35.81081,139.32861,00001B000000000309D5F2A6448AFFC0
JR東日本,東飯能,八高,線,埼玉県,飯能市,-,○,1,1,1,基,1,基,1,基,-,基,-,基,-,箇所,-,箇所,○,-,○,○,○,-,○,35.85302,139.32613,00001B000000000309D8EA26445E7FC0
JR東日本,高麗川,八高・川越,線,埼玉県,日高市,-,○,2,2,2,基,2,基,-,基,-,基,-,基,-,箇所,-,箇所,○,-,○,○,○,-,○,35.89637,139.33813,00001B000000000309DBF6A645367FC0
JR東日本,北朝霞,武蔵野,線,埼玉県,朝霞市,-,○,1,1,1,基,1,基,2,基,-,基,-,基,-,箇所,-,箇所,○,○,○,○,○,-,○,35.81547,139.58723,00001B000000000309D6462656BA7FC0
JR東日本,西浦和,武蔵野,線,埼玉県,さいたま市,-,○,1,1,1,基,1,基,2,基,-,基,-,基,-,箇所,-,箇所,○,○,○,○,○,-,○,35.84419,139.62777,00001B000000000309D84B265993FFC0
JR東日本,東浦和,武蔵野,線,埼玉県,さいたま市,-,○,2,2,2,基,2,基,4,基,2,基,-,基,-,箇所,-,箇所,○,-,○,○,○,-,○,35.86403,139.70447,00001B000000000309D9B0A65EF87FC0
JR東日本,東川口,武蔵野,線,埼玉県,川口市,-,○,1,1,1,基,1,基,3,基,2,基,-,基,-,箇所,-,箇所,○,-,○,○,○,-,○,35.87516,139.74403,00001B000000000309DA78A661C0FFC0
JR東日本,南越谷,武蔵野,線,埼玉県,越谷市,-,○,2,2,2,基,2,基,6,基,3,基,-,基,-,箇所,-,箇所,○,-,○,○,○,-,○,35.87604,139.79115,00001B000000000309DA88A66510FFC0
JR東日本,越谷レイクタウン,武蔵野,線,埼玉県,越谷市,-,○,2,2,2,基,2,基,4,基,-,基,-,基,-,箇所,-,箇所,○,○,○,○,○,-,○,35.87611,139.82226,00001B000000000309DA89A66740FFC0
JR東日本,吉川,武蔵野,線,埼玉県,吉川市,-,○,2,2,2,基,2,基,4,基,2,基,-,基,-,箇所,-,箇所,○,○,○,○,○,-,○,35.87665,139.84324,00001B000000000309DA93A668BA7FC0
JR東日本,吉川美南,武蔵野,線,埼玉県,吉川市,-,○,2,2,2,基,2,基,4,基,-,基,-,基,-,箇所,-,箇所,○,○,○,○,○,-,○,35.86809,139.85812,00001B000000000309D9F9A669C67FC0
JR東日本,新三郷,武蔵野,線,埼玉県,三郷市,-,○,2,2,4,基,4,基,2,基,-,基,-,基,-,箇所,-,箇所,○,-,○,○,○,-,○,35.85839,139.86954,00001B000000000309D94B266A93FFC0
JR東日本,三郷,武蔵野,線,埼玉県,三郷市,-,○,2,2,2,基,2,基,4,基,2,基,-,基,-,箇所,-,箇所,○,-,×,○,○,-,○,35.84484,139.88683,00001B000000000309D857266BCAFFC0
JR東日本,川口,京浜東北,線,埼玉県,川口市,-,○,1,1,1,基,1,基,2,基,1,基,-,基,-,箇所,-,箇所,○,-,○,○,○,-,○,35.80182,139.7175,00001B000000000309D550A65FE37FC0
JR東日本,西川口,京浜東北,線,埼玉県,川口市,-,○,1,1,1,基,1,基,2,基,1,基,-,基,-,箇所,-,箇所,○,-,○,○,○,-,○,35.81551,139.70436,00001B000000000309D647265EF67FC0
JR東日本,蕨,京浜東北,線,埼玉県,蕨市,-,○,1,1,1,基,1,基,1,基,1,基,-,基,-,箇所,-,箇所,○,-,○,○,○,-,○,35.82793,139.69042,00001B000000000309D726A65DFBFFC0
JR東日本,南浦和,京浜東北・武蔵野,線,埼玉県,さいたま市,-,○,4,4,4,基,4,基,4,基,2,基,-,基,-,箇所,-,箇所,○,-,○,○,○,-,○,35.84833,139.66861,00001B000000000309D895A65C72FFC0
JR東日本,浦和,東北・高崎・京浜東北,線,埼玉県,さいたま市,-,○,3,3,4,基,4,基,6,基,-,基,-,基,-,箇所,-,箇所,○,○,○,○,○,-,○,35.85856,139.65715,00001B000000000309D94E265BA4FFC0
JR東日本,北浦和,京浜東北,線,埼玉県,さいたま市,-,○,1,1,1,基,1,基,1,基,1,基,-,基,-,箇所,-,箇所,○,-,○,○,○,-,○,35.8722,139.64575,00001B000000000309DA43A65AD7FFC0
JR東日本,与野,京浜東北,線,埼玉県,さいたま市,-,○,1,1,1,基,1,基,2,基,1,基,-,基,-,箇所,-,箇所,○,-,○,○,○,-,○,35.88437,139.63899,00001B000000000309DB1EA65A5DFFC0
JR東日本,大宮,東北・高崎・埼京・京浜東北・東北新幹・上越新幹・北陸新幹・山形新幹・秋田新幹,線,埼玉県,さいたま市,-,○,10,10,14,基,10,基,43,基,3,基,-,基,-,箇所,-,箇所,○,○,○,○,○,-,○,35.90634,139.62428,00001B000000000309DCAA2659557FC0
JR東日本,大宮（新幹線）,東北新幹・上越新幹・北陸新幹・山形新幹・秋田新幹,線,埼玉県,さいたま市,-,○,3,3,6,基,3,基,12,基,-,基,-,基,-,箇所,-,箇所,○,○,○,○,○,-,○,35.90624,139.62304,00001B000000000309DCA826593EFFC0
JR東日本,東大宮,東北,線,埼玉県,さいたま市,-,○,1,1,1,基,1,基,2,基,1,基,-,基,-,箇所,-,箇所,○,-,○,○,○,-,○,35.94836,139.64026,00001B000000000309DF9E265A74FFC0
JR東日本,蓮田,東北,線,埼玉県,蓮田市,-,○,2,2,2,基,2,基,4,基,2,基,-,基,-,箇所,-,箇所,○,-,○,○,○,-,○,35.98116,139.65296,00001B000000000309E1ECA65B597FC0
JR東日本,白岡,東北,線,埼玉県,白岡市,-,○,2,2,2,基,2,基,4,基,2,基,-,基,-,箇所,-,箇所,○,-,○,○,○,-,○,36.01778,139.66688,00001B000000000309E480265C53FFC0
JR東日本,久喜,東北・東武伊勢崎,線,埼玉県,久喜市,-,○,2,2,2,基,2,基,4,基,2,基,-,基,-,箇所,-,箇所,○,-,○,○,○,-,○,36.06581,139.67738,00001B000000000309E7E0A65D10FFC0
JR東日本,栗橋,東北,線,埼玉県,久喜市,-,○,2,2,2,基,-,基,4,基,-,基,-,基,-,箇所,-,箇所,○,○,○,○,○,-,○,36.13571,139.69404,00001B000000000309ECCAA65E3CFFC0
JR東日本,古河,東北,線,茨城県,古河市,-,○,2,2,2,基,2,基,3,基,3,基,-,基,-,箇所,-,箇所,○,-,○,○,○,-,○,36.19441,139.70971,00001B000000000309F0EB265F56FFC0
JR東日本,野木,東北,線,栃木県,野木町,-,○,1,1,1,基,1,基,1,基,-,基,-,基,-,箇所,-,箇所,○,○,○,○,○,-,○,36.22991,139.73479,00001B000000000309F36A26611A7FC0
JR東日本,間々田,東北,線,栃木県,小山市,-,○,2,2,2,基,2,基,-,基,-,基,-,基,-,箇所,-,箇所,○,○,○,○,○,-,○,36.25789,139.7611,00001B000000000309F5622662F3FFC0
JR東日本,小山,東北・両毛・水戸・東北新幹・山形新幹・秋田新幹,線,栃木県,小山市,-,○,6,6,8,基,6,基,6,基,1,基,-,基,-,箇所,-,箇所,○,-,○,○,○,-,○,36.31344,139.80663,00001B000000000309F949A666277FC0
JR東日本,小山（新幹線）,東北新幹・山形新幹・秋田新幹,線,栃木県,小山市,-,○,2,2,3,基,2,基,4,基,-,基,-,基,-,箇所,-,箇所,○,-,○,○,○,-,○,36.31354,139.80636,00001B000000000309F94BA666227FC0
JR東日本,小金井,東北,線,栃木県,下野市,-,○,2,2,2,基,2,基,-,基,-,基,-,基,-,箇所,-,箇所,○,○,○,○,○,-,○,36.37449,139.84228,00001B000000000309FD94A668A97FC0
JR東日本,石橋,東北,線,栃木県,下野市,-,○,2,2,2,基,2,基,-,基,-,基,-,基,-,箇所,-,箇所,○,-,○,○,○,-,○,36.43624,139.86651,00001B00000000030A01EC266A5D7FC0
JR東日本,雀宮,東北,線,栃木県,宇都宮市,-,○,2,2,2,基,2,基,-,基,-,基,-,基,-,箇所,-,箇所,○,-,○,○,○,-,○,36.49391,139.87707,00001B00000000030A05FA266B1B7FC0
JR東日本,宇都宮,東北・日光・東北新幹・山形新幹・秋田新幹,線,栃木県,宇都宮市,-,○,5,5,8,基,6,基,12,基,1,基,-,基,-,箇所,-,箇所,○,○,○,○,○,-,○,36.55975,139.89874,00001B00000000030A0A9BA66CA17FC0
JR東日本,宇都宮（新幹線）,東北新幹・山形新幹・秋田新幹,線,栃木県,宇都宮市,-,○,2,2,4,基,2,基,4,基,-,基,-,基,-,箇所,-,箇所,○,-,○,○,○,-,○,36.55877,139.89809,00001B00000000030A0A89A66C95FFC0
JR東日本,岡本,東北,線,栃木県,宇都宮市,-,○,2,2,2,基,2,基,-,基,-,基,-,基,-,箇所,-,箇所,○,-,○,○,○,-,○,36.59826,139.94425,00001B00000000030A0D50A66FD4FFC0
JR東日本,宝積寺,東北・烏山,線,栃木県,高根沢町,-,○,2,2,2,基,2,基,-,基,-,基,-,基,-,箇所,-,箇所,○,-,○,○,○,-,○,36.63163,139.97952,00001B00000000030A0FA926724F7FC0
JR東日本,氏家,東北,線,栃木県,さくら市,-,○,2,2,2,基,2,基,-,基,-,基,-,基,1,箇所,1,箇所,○,-,○,○,○,-,○,36.68169,139.96211,00001B00000000030A132E267115FFC0
JR東日本,矢板,東北,線,栃木県,矢板市,-,○,2,2,2,基,2,基,-,基,-,基,-,基,-,箇所,-,箇所,○,-,○,○,○,-,○,36.80662,139.93298,00001B00000000030A1BF7266F09FFC0
JR東日本,西那須野,東北,線,栃木県,那須塩原市,-,○,2,2,2,基,2,基,-,基,-,基,-,基,-,箇所,-,箇所,○,-,○,○,○,-,○,36.88374,139.9864,00001B00000000030A21632672CB7FC0
JR東日本,那須塩原,東北・東北新幹・山形新幹・秋田新幹,線,栃木県,那須塩原市,-,○,4,4,6,基,4,基,6,基,-,基,-,基,-,箇所,-,箇所,○,-,○,○,○,-,○,36.93155,140.02106,00001B00000000030A24BFA6753B7FC0
JR東日本,那須塩原（新幹線）,東北新幹・山形新幹・秋田新幹,線,栃木県,那須塩原市,-,○,2,2,4,基,2,基,6,基,0,基,-,基,-,箇所,-,箇所,○,-,○,○,○,-,○,36.93169,140.02068,00001B00000000030A24C22675347FC0
JR東日本,黒磯,東北,線,栃木県,那須塩原市,-,○,3,3,3,基,3,基,-,基,-,基,-,基,-,箇所,-,箇所,○,-,○,○,○,-,○,36.97012,140.06015,00001B00000000030A27762677FAFFC0
JR東日本,東鷲宮,東北,線,埼玉県,久喜市,-,○,2,2,1,基,1,基,2,基,-,基,-,基,-,箇所,-,箇所,○,-,○,○,○,-,○,36.08964,139.6797,00001B000000000309E98DA65D3AFFC0
JR東日本,自治医大,東北,線,栃木県,下野市,-,○,1,1,1,基,1,基,1,基,1,基,-,基,-,箇所,-,箇所,○,○,○,○,○,-,○,36.39538,139.85451,00001B000000000309FF0CA669857FC0
JR東日本,土呂,東北,線,埼玉県,さいたま市,-,○,1,1,1,基,1,基,-,基,-,基,-,基,-,箇所,-,箇所,○,○,○,○,○,-,○,35.93191,139.6322,00001B000000000309DE762659E3FFC0
JR東日本,新白岡,東北,線,埼玉県,白岡市,-,○,2,2,2,基,2,基,-,基,-,基,-,基,-,箇所,-,箇所,○,-,-,○,○,-,○,36.03825,139.67189,00001B000000000309E5F0A65CAE7FC0
JR東日本,戸田公園,埼京,線,埼玉県,戸田市,-,○,1,1,1,基,1,基,2,基,-,基,-,基,-,箇所,-,箇所,○,○,○,○,○,-,○,35.80777,139.67835,00001B000000000309D5BBA65D227FC0
JR東日本,戸田,埼京,線,埼玉県,戸田市,-,○,1,1,1,基,1,基,2,基,-,基,-,基,-,箇所,-,箇所,○,○,○,○,○,-,○,35.81759,139.66961,00001B000000000309D66CA65C84FFC0
JR東日本,北戸田,埼京,線,埼玉県,戸田市,-,○,1,1,1,基,1,基,4,基,-,基,-,基,-,箇所,-,箇所,○,○,○,○,○,-,○,35.82675,139.66144,00001B000000000309D711A65BF1FFC0
JR東日本,武蔵浦和,埼京・武蔵野,線,埼玉県,さいたま市,-,○,4,4,4,基,4,基,8,基,4,基,-,基,1,箇所,-,箇所,○,-,○,○,○,-,○,35.84544,139.64689,00001B000000000309D861A65AEC7FC0
JR東日本,中浦和,埼京,線,埼玉県,さいたま市,-,○,1,1,1,基,1,基,1,基,-,基,-,基,-,箇所,-,箇所,○,○,○,○,○,-,○,35.85382,139.63739,00001B000000000309D8F8A65A417FC0
JR東日本,南与野,埼京,線,埼玉県,さいたま市,-,○,1,1,1,基,1,基,2,基,1,基,-,基,-,箇所,-,箇所,○,○,○,○,○,-,○,35.86736,139.63106,00001B000000000309D9EC2659CF7FC0
JR東日本,与野本町,埼京,線,埼玉県,さいたま市,-,○,1,1,1,基,1,基,2,基,-,基,-,基,-,箇所,-,箇所,○,-,○,○,○,-,○,35.88092,139.626,00001B000000000309DAE0A659747FC0
JR東日本,北与野,埼京,線,埼玉県,さいたま市,-,○,1,1,1,基,1,基,1,基,-,基,-,基,-,箇所,-,箇所,○,-,○,○,○,-,○,35.89068,139.62851,00001B000000000309DB902659A17FC0
JR東日本,日進,川越,線,埼玉県,さいたま市,-,○,2,2,2,基,2,基,2,基,2,基,-,基,-,箇所,-,箇所,○,-,○,○,○,-,○,35.93153,139.60606,00001B000000000309DE6FA6580D7FC0
JR東日本,西大宮,川越,線,埼玉県,さいたま市,-,○,2,2,2,基,2,基,4,基,-,基,-,基,-,箇所,-,箇所,○,○,○,○,○,-,○,35.92196,139.5789,00001B000000000309DDC32656247FC0
JR東日本,指扇,川越,線,埼玉県,さいたま市,-,○,2,2,2,基,2,基,2,基,-,基,-,基,-,箇所,-,箇所,○,○,○,○,○,-,○,35.91696,139.56497,00001B000000000309DD692655297FC0
JR東日本,南古谷,川越,線,埼玉県,川越市,-,○,2,2,2,基,2,基,-,基,-,基,-,基,-,箇所,-,箇所,○,-,○,○,○,-,○,35.90318,139.51916,00001B000000000309DC712651F0FFC0
JR東日本,川越,川越,線,埼玉県,川越市,-,○,2,2,3,基,2,基,4,基,2,基,-,基,-,箇所,-,箇所,○,○,○,○,○,-,○,35.90668,139.4832,00001B000000000309DCB0264F69FFC0
JR東日本,的場,川越,線,埼玉県,川越市,-,○,1,1,-,基,-,基,-,基,-,基,-,基,1,箇所,1,箇所,○,-,○,○,○,-,○,35.91754,139.43541,00001B000000000309DD73A64C0D7FC0
JR東日本,笠幡,川越,線,埼玉県,川越市,-,○,1,1,-,基,-,基,-,基,-,基,-,基,-,箇所,-,箇所,○,-,○,○,○,-,○,35.90758,139.40626,00001B000000000309DCC0264A00FFC0
JR東日本,武蔵高萩,川越,線,埼玉県,日高市,-,○,2,2,2,基,2,基,-,基,-,基,-,基,-,箇所,-,箇所,○,○,○,○,○,-,○,35.90168,139.37112,00001B000000000309DC562647887FC0
JR東日本,鹿沼,日光,線,栃木県,鹿沼市,-,○,2,2,2,基,2,基,-,基,-,基,-,基,-,箇所,-,箇所,○,-,○,○,○,-,○,36.57119,139.76299,00001B00000000030A0B69266315FFC0
JR東日本,さいたま新都心,東北・京浜東北,線,埼玉県,さいたま市,-,○,2,2,3,基,3,基,4,基,-,基,-,基,-,箇所,-,箇所,○,○,○,○,○,-,○,35.89359,139.6339,00001B000000000309DBC4A65A027FC0
JR東日本,宮原,高崎,線,埼玉県,さいたま市,-,○,2,2,2,基,2,基,4,基,-,基,-,基,1,箇所,-,箇所,○,○,○,○,○,-,○,35.94053,139.60952,00001B000000000309DF11A6584B7FC0
JR東日本,上尾,高崎,線,埼玉県,上尾市,-,○,2,2,3,基,3,基,4,基,-,基,-,基,1,箇所,-,箇所,○,○,○,○,○,-,○,35.97302,139.58881,00001B000000000309E15A2656D6FFC0
JR東日本,桶川,高崎,線,埼玉県,桶川市,-,○,2,2,2,基,2,基,4,基,-,基,-,基,1,箇所,-,箇所,○,-,○,○,○,-,○,35.99844,139.56421,00001B000000000309E323A6551BFFC0
JR東日本,北本,高崎,線,埼玉県,北本市,-,○,2,2,2,基,2,基,4,基,-,基,-,基,1,箇所,-,箇所,○,○,○,○,○,-,○,36.03219,139.53356,00001B000000000309E5832652F47FC0
JR東日本,鴻巣,高崎,線,埼玉県,鴻巣市,-,○,2,2,2,基,2,基,4,基,-,基,-,基,1,箇所,-,箇所,○,○,○,○,○,-,○,36.05924,139.50958,00001B000000000309E76A2651447FC0
JR東日本,吹上,高崎,線,埼玉県,鴻巣市,-,○,2,2,2,基,2,基,2,基,-,基,-,基,1,箇所,-,箇所,○,○,○,○,○,-,○,36.10288,139.4536,00001B000000000309EA7BA64D54FFC0
JR東日本,熊谷,高崎・上越新幹・北陸新幹,線,埼玉県,熊谷市,-,○,4,4,5,基,5,基,10,基,2,基,-,基,2,箇所,1,箇所,○,○,○,○,○,-,○,36.13981,139.38993,00001B000000000309ED14A648DAFFC0
JR東日本,熊谷（新幹線）,上越新幹・北陸新幹,線,埼玉県,熊谷市,-,○,2,2,2,基,2,基,4,基,-,基,-,基,-,箇所,-,箇所,○,○,○,○,○,-,○,36.1395,139.38965,00001B000000000309ED0F2648D5FFC0
JR東日本,篭原,高崎,線,埼玉県,熊谷市,-,○,2,2,2,基,2,基,2,基,-,基,-,基,-,箇所,-,箇所,○,○,○,○,○,-,○,36.17442,139.33026,00001B000000000309EF83A644A8FFC0
JR東日本,深谷,高崎,線,埼玉県,深谷市,-,○,2,2,2,基,2,基,2,基,-,基,-,基,1,箇所,-,箇所,○,○,○,○,○,-,○,36.19134,139.28134,00001B000000000309F0B42641387FC0
JR東日本,岡部,高崎,線,埼玉県,深谷市,-,○,2,2,3,基,3,基,-,基,-,基,-,基,-,箇所,-,箇所,○,-,○,○,○,-,○,36.20573,139.23748,00001B000000000309F1B7263E22FFC0
JR東日本,本庄,高崎,線,埼玉県,本庄市,-,○,2,2,2,基,2,基,2,基,-,基,-,基,-,箇所,-,箇所,○,○,○,○,○,-,○,36.2363,139.18814,00001B000000000309F3DD263AAAFFC0
JR東日本,神保原,高崎,線,埼玉県,上里町,-,○,2,2,2,基,2,基,-,基,-,基,-,基,-,箇所,-,箇所,○,-,○,○,○,-,○,36.25362,139.14901,00001B000000000309F5152637EA7FC0
JR東日本,新町,高崎,線,群馬県,高崎市,-,-,2,2,-,基,-,基,-,基,-,基,-,基,-,箇所,-,箇所,○,-,×,○,○,-,○,36.2731,139.10531,00001B000000000309F673A634D7FFC0
JR東日本,倉賀野,高崎,線,群馬県,高崎市,-,-,2,2,-,基,-,基,-,基,-,基,-,基,-,箇所,-,箇所,○,-,×,○,○,-,○,36.30029,139.04943,00001B000000000309F85D2630E9FFC0
JR東日本,高崎,高崎・上越・両毛・信越・上越新幹・北陸新幹,線,群馬県,高崎市,-,○,6,6,6,基,6,基,13,基,5,基,-,基,3,箇所,-,箇所,○,○,○,○,○,-,○,36.32227,139.01235,00001B000000000309F9E8A62E4E7FC0
JR東日本,高崎（新幹線）,上越新幹・北陸新幹,線,群馬県,高崎市,-,○,2,2,2,基,0,基,4,基,-,基,-,基,1,箇所,-,箇所,○,○,○,○,○,-,○,36.32296,139.01299,00001B000000000309F9F5262E59FFC0
JR東日本,行田,高崎,線,埼玉県,行田市,-,○,1,1,1,基,1,基,1,基,-,基,-,基,-,箇所,-,箇所,○,-,○,○,○,-,○,36.11389,139.43208,00001B000000000309EB42264BD17FC0
JR東日本,北鴻巣,高崎,線,埼玉県,鴻巣市,-,○,1,1,1,基,1,基,1,基,-,基,-,基,-,箇所,-,箇所,○,-,○,○,○,-,○,36.0855,139.47696,00001B000000000309E943264EF97FC0
JR東日本,北上尾,高崎,線,埼玉県,上尾市,-,○,2,2,2,基,2,基,2,基,-,基,-,基,-,箇所,-,箇所,○,○,○,○,○,-,○,35.98515,139.57758,00001B000000000309E234A6560C7FC0
JR東日本,高崎問屋町,上越・両毛,線,群馬県,高崎市,-,○,2,2,2,基,2,基,2,基,-,基,-,基,-,箇所,-,箇所,○,○,○,○,○,-,○,36.34613,139.01723,00001B000000000309FB96262EA67FC0
JR東日本,井野,上越・両毛,線,群馬県,高崎市,-,-,2,2,-,基,-,基,-,基,-,基,-,基,-,箇所,-,箇所,○,-,×,○,○,-,○,36.35744,139.02327,00001B000000000309FC61A62F12FFC0
JR東日本,新前橋,上越・両毛,線,群馬県,前橋市,-,○,2,2,2,基,2,基,4,基,-,基,-,基,-,箇所,-,箇所,○,-,○,○,○,-,○,36.379,139.047,00001B000000000309FDE62630BE7FC0
JR東日本,群馬総社,上越,線,群馬県,前橋市,-,-,2,2,-,基,-,基,-,基,-,基,-,基,-,箇所,-,箇所,○,-,×,○,○,-,○,36.415949,139.032154,00001B00000000030A007F262FB2FFC0
JR東日本,渋川,上越・吾妻,線,群馬県,渋川市,-,○,2,2,2,基,2,基,-,基,-,基,-,基,1,箇所,1,箇所,○,-,○,○,○,-,○,36.49123,139.00879,00001B00000000030A05CA262E0E7FC0
JR東日本,沼田,上越,線,群馬県,沼田市,-,○,2,2,2,基,2,基,-,基,-,基,-,基,-,箇所,-,箇所,○,-,○,○,○,-,○,36.64229,139.03564,00001B00000000030A1069262FF1FFC0
JR東日本,栃木,両毛,線,栃木県,栃木市,-,○,1,1,1,基,1,基,2,基,-,基,-,基,1,箇所,-,箇所,○,○,○,○,○,-,○,36.37194,139.73102,00001B000000000309FD66A660D67FC0
JR東日本,佐野,両毛・東武佐野,線,栃木県,佐野市,-,○,1,1,1,基,1,基,1,基,-,基,-,基,1,箇所,-,箇所,○,-,○,○,○,-,○,36.31656,139.5789,00001B000000000309F9822656247FC0
JR東日本,足利,両毛,線,栃木県,足利市,-,○,2,2,2,基,2,基,-,基,-,基,-,基,1,箇所,-,箇所,○,-,○,○,○,-,○,36.33187,139.45635,00001B000000000309FA95A64D867FC0
JR東日本,桐生,両毛,線,群馬県,桐生市,-,○,2,2,2,基,2,基,2,基,-,基,-,基,1,箇所,-,箇所,○,-,○,○,○,-,○,36.41111,139.33322,00001B00000000030A0027A644DDFFC0
JR東日本,国定,両毛,線,群馬県,伊勢崎市,-,-,2,2,-,基,-,基,-,基,-,基,-,基,-,箇所,-,箇所,○,-,×,○,○,-,○,36.35881,139.24199,00001B000000000309FC7AA63E73FFC0
JR東日本,伊勢崎,両毛,線,群馬県,伊勢崎市,-,○,2,2,2,基,2,基,4,基,-,基,-,基,1,箇所,-,箇所,○,-,○,○,○,-,○,36.32688,139.19331,00001B000000000309FA3BA63B07FFC0
JR東日本,駒形,両毛,線,群馬県,前橋市,-,○,2,2,2,基,2,基,-,基,-,基,-,基,-,箇所,-,箇所,○,-,○,○,○,-,○,36.35411,139.13955,00001B000000000309FC25A6373FFFC0
JR東日本,前橋大島,両毛,線,群馬県,前橋市,-,○,2,2,2,基,2,基,2,基,-,基,-,基,-,箇所,-,箇所,○,-,×,○,○,-,○,36.3709,139.10902,00001B000000000309FD5426351A7FC0
JR東日本,前橋,両毛,線,群馬県,前橋市,-,○,2,2,2,基,2,基,4,基,-,基,-,基,1,箇所,-,箇所,○,○,○,○,○,-,○,36.38347,139.07337,00001B000000000309FE36263298FFC0
JR東日本,北高崎,信越,線,群馬県,高崎市,-,-,2,2,-,基,-,基,-,基,-,基,-,基,-,箇所,-,箇所,○,-,×,○,○,-,○,36.3385,139.00238,00001B000000000309FB0D262D9AFFC0
JR東日本,安中,信越,線,群馬県,安中市,-,-,2,2,-,基,-,基,-,基,-,基,-,基,-,箇所,-,箇所,○,-,×,○,○,-,○,36.33165,138.91449,00001B000000000309FA91A6276CFFC0
JR東日本,藤代,常磐線,線,茨城県,取手市,-,○,2,2,2,基,2,基,2,基,-,基,-,基,2,箇所,-,箇所,○,○,○,○,○,-,○,35.92056,140.11815,00001B000000000309DDAA267C0EFFC0
JR東日本,佐貫,常磐,線,茨城県,竜ケ崎市,-,○,2,2,2,基,2,基,4,基,-,基,-,基,-,箇所,-,箇所,○,○,○,○,○,-,○,35.92989,140.13808,00001B000000000309DE52267D757FC0
JR東日本,牛久,常磐,線,茨城県,牛久市,-,○,2,2,2,基,2,基,4,基,-,基,-,基,2,箇所,-,箇所,○,○,○,○,○,-,○,35.97518,140.14102,00001B000000000309E181267DAA7FC0
JR東日本,ひたち野うしく,常磐,線,茨城県,牛久市,-,○,2,2,2,基,2,基,2,基,-,基,-,基,-,箇所,-,箇所,○,○,○,○,○,-,○,36.00747,140.15835,00001B000000000309E3C6267EE27FC0
JR東日本,荒川沖,常磐,線,茨城県,土浦市,-,○,2,2,2,基,2,基,2,基,-,基,-,基,1,箇所,-,箇所,○,○,○,○,○,-,○,36.03059,140.16599,00001B000000000309E566A67F6BFFC0
JR東日本,土浦,常磐,線,茨城県,土浦市,-,○,2,2,2,基,2,基,4,基,-,基,-,基,1,箇所,-,箇所,○,○,○,○,○,-,○,36.0786,140.20624,00001B000000000309E8C6A682407FC0
JR東日本,神立,常磐,線,茨城県,土浦市,-,-,2,2,-,基,-,基,-,基,-,基,-,基,-,箇所,-,箇所,○,○,○,○,○,-,○,36.12043,140.24861,00001B000000000309EBB7A6853AFFC0
JR東日本,石岡,常磐・鹿島鉄道,線,茨城県,石岡市,-,○,2,2,2,基,2,基,2,基,-,基,-,基,-,箇所,-,箇所,○,○,○,○,○,-,○,36.19149,140.27976,00001B000000000309F0B6A6876BFFC0
JR東日本,羽鳥,常磐,線,茨城県,小美玉市,-,-,2,2,-,基,-,基,-,基,-,基,-,基,-,箇所,-,箇所,○,-,○,○,○,-,○,36.24754,140.28678,00001B000000000309F4A7A687EA7FC0
JR東日本,友部,常磐・水戸,線,茨城県,笠間市,-,○,3,3,3,基,3,基,3,基,-,基,-,基,-,箇所,-,箇所,○,○,○,○,○,-,○,36.35046,140.30603,00001B000000000309FBE4268944FFC0
JR東日本,内原,常磐,線,茨城県,水戸市,-,-,2,2,-,基,-,基,-,基,-,基,-,基,-,箇所,-,箇所,○,-,×,○,○,-,○,36.37004,140.35263,00001B000000000309FD44A68C8B7FC0
JR東日本,赤塚,常磐,線,茨城県,水戸市,-,○,2,2,2,基,2,基,3,基,-,基,-,基,-,箇所,-,箇所,○,○,○,○,○,-,○,36.38175,140.41516,00001B000000000309FE17A690F0FFC0
JR東日本,水戸,常磐・水郡,線,茨城県,水戸市,-,○,4,4,4,基,4,基,7,基,-,基,-,基,2,箇所,-,箇所,○,○,○,○,○,-,○,36.37086,140.47721,00001B000000000309FD5326954DFFC0
JR東日本,勝田,常磐,線,茨城県,ひたちなか市,-,○,2,2,2,基,2,基,4,基,-,基,-,基,-,箇所,-,箇所,○,○,○,○,○,-,○,36.39408,140.52421,00001B000000000309FEF526989BFFC0
JR東日本,佐和,常磐,線,茨城県,ひたちなか市,-,○,2,2,2,基,2,基,-,基,-,基,-,基,-,箇所,-,箇所,○,-,○,○,○,-,○,36.43047,140.54051,00001B00000000030A01842699C17FC0
JR東日本,東海,常磐,線,茨城県,東海村,-,○,2,2,2,基,2,基,2,基,-,基,-,基,1,箇所,-,箇所,○,-,○,○,○,-,○,36.4655,140.56604,00001B00000000030A03FB269B8CFFC0
JR東日本,大甕,常磐,線,茨城県,日立市,-,-,2,2,-,基,-,基,-,基,-,基,-,基,1,箇所,-,箇所,○,-,○,○,○,-,○,36.51292,140.61944,00001B00000000030A0750A69F4DFFC0
JR東日本,常陸多賀,常磐,線,茨城県,日立市,-,○,2,2,2,基,2,基,-,基,-,基,-,基,-,箇所,-,箇所,○,○,○,○,○,-,○,36.55213,140.63271,00001B00000000030A0A1226A03CFFC0
JR東日本,日立,常磐,線,茨城県,日立市,-,○,2,2,2,基,2,基,4,基,-,基,-,基,-,箇所,-,箇所,○,○,○,○,○,-,○,36.59033,140.6618,00001B00000000030A0CC1A6A2487FC0
JR東日本,小木津,常磐,線,茨城県,日立市,-,○,1,1,1,基,1,基,-,基,-,基,-,基,2,箇所,-,箇所,○,○,○,○,○,-,○,36.63664,140.6753,00001B00000000030A1003A6A33B7FC0
JR東日本,十王,常磐,線,茨城県,日立市,-,○,1,1,1,基,1,基,1,基,-,基,-,基,1,箇所,1,箇所,○,-,○,○,○,-,○,36.67138,140.68595,00001B00000000030A1274A6A3FB7FC0
JR東日本,高萩,常磐,線,茨城県,高萩市,-,○,1,1,2,基,2,基,-,基,-,基,-,基,-,箇所,-,箇所,○,-,○,○,○,-,○,36.71434,140.71696,00001B00000000030A157A26A6297FC0
JR東日本,磯原,常磐,線,茨城県,北茨城市,-,-,2,2,-,基,-,基,2,基,2,基,-,基,-,箇所,-,箇所,○,○,○,○,○,-,○,36.79072,140.74634,00001B00000000030A1AD8A6A83A7FC0
JR東日本,植田,常磐,線,福島県,いわき市,-,-,2,2,-,基,-,基,-,基,-,基,-,基,-,箇所,-,箇所,○,-,○,○,○,-,○,36.92049,140.79648,00001B00000000030A23F8A6ABC0FFC0
JR東日本,泉,常磐,線,福島県,いわき市,-,-,2,2,-,基,-,基,2,基,2,基,-,基,1,箇所,-,箇所,○,○,×,○,○,-,○,36.95558,140.85409,00001B00000000030A267026AFCDFFC0
JR東日本,湯本,常磐,線,福島県,いわき市,-,○,2,2,2,基,2,基,-,基,-,基,-,基,-,箇所,-,箇所,○,○,○,○,○,-,○,37.00695,140.84984,00001B00000000030A2A0D26AF817FC0
JR東日本,いわき,常磐・磐越東,線,福島県,いわき市,-,○,3,3,3,基,3,基,5,基,-,基,-,基,2,箇所,-,箇所,○,○,○,○,○,-,○,37.05822,140.89236,00001B00000000030A2DA7A6B27E7FC0
JR東日本,結城,水戸,線,茨城県,結城市,-,-,2,2,-,基,-,基,2,基,2,基,-,基,1,箇所,-,箇所,○,○,×,○,○,-,○,36.29807,139.87304,00001B000000000309F835266AD2FFC0
JR東日本,下館,水戸,線,茨城県,筑西市,-,○,2,2,2,基,2,基,-,基,-,基,-,基,-,箇所,-,箇所,○,-,○,○,○,-,○,36.30412,139.97819,00001B000000000309F8A22672377FC0
JR東日本,新八柱,武蔵野,線,千葉県,松戸市,-,○,2,2,2,基,2,基,-,基,-,基,-,基,2,箇所,2,箇所,○,○,○,○,○,-,○,35.79129,139.93856,00001B000000000309D493266F6E7FC0
JR東日本,東松戸,武蔵野,線,千葉県,松戸市,-,○,2,2,2,基,2,基,2,基,-,基,-,基,-,箇所,-,箇所,○,○,○,○,○,-,○,35.77049,139.94386,00001B000000000309D31CA66FCD7FC0
JR東日本,市川大野,武蔵野,線,千葉県,市川市,-,○,2,2,2,基,2,基,3,基,-,基,-,基,-,箇所,-,箇所,○,○,○,○,○,-,○,35.75541,139.95128,00001B000000000309D20D2670537FC0
JR東日本,船橋法典,武蔵野,線,千葉県,船橋市,-,○,1,1,1,基,1,基,2,基,-,基,-,基,1,箇所,-,箇所,○,○,○,○,○,-,○,35.73047,139.96672,00001B000000000309D04C267168FFC0
JR東日本,錦糸町,総武本・総武（各駅停車）,線,東京都,墨田区,-,○,2,2,2,基,2,基,4,基,2,基,-,基,-,箇所,-,箇所,○,○,○,○,○,-,○,35.69672,139.81432,00001B000000000309CDECA666B1FFC0
JR東日本,亀戸,総武（各駅停車）,線,東京都,江東区,-,○,1,1,1,基,1,基,2,基,-,基,-,基,-,箇所,-,箇所,○,○,○,○,○,-,○,35.69734,139.82661,00001B000000000309CDF826678EFFC0
JR東日本,平井,総武（各駅停車）,線,東京都,江戸川区,-,○,1,1,1,基,1,基,2,基,-,基,-,基,-,箇所,-,箇所,○,○,○,○,○,-,○,35.70645,139.84239,00001B000000000309CE9C2668AB7FC0
JR東日本,新小岩,総武本・総武（各駅停車）,線,東京都,葛飾区,-,○,2,2,-,基,-,基,4,基,2,基,2,基,1,箇所,-,箇所,○,○,○,○,○,-,○,35.71679,139.85765,00001B000000000309CF562669BDFFC0
JR東日本,小岩,総武（各駅停車）,線,東京都,江戸川区,-,○,1,1,3,基,3,基,4,基,-,基,-,基,-,箇所,-,箇所,○,○,○,○,○,-,○,35.73333,139.88185,00001B000000000309D07FA66B717FC0
JR東日本,市川,総武本・総武（各駅停車）,線,千葉県,市川市,-,○,2,2,3,基,3,基,4,基,-,基,-,基,-,箇所,-,箇所,○,○,○,○,○,-,○,35.72887,139.90817,00001B000000000309D02FA66D4B7FC0
JR東日本,本八幡,総武（各駅停車）,線,千葉県,市川市,-,○,1,1,3,基,3,基,2,基,-,基,-,基,-,箇所,-,箇所,○,○,○,○,○,-,○,35.72085,139.9274,00001B000000000309CF9F266EA57FC0
JR東日本,下総中山,総武（各駅停車）,線,千葉県,船橋市,-,○,1,1,1,基,1,基,2,基,-,基,-,基,-,箇所,-,箇所,○,○,○,○,○,-,○,35.71428,139.94307,00001B000000000309CF29266FBF7FC0
JR東日本,西船橋,総武（各駅停車）・武蔵野,線,千葉県,船橋市,-,○,4,4,5,基,5,基,10,基,-,基,-,基,-,箇所,-,箇所,○,○,○,○,○,-,○,35.70748,139.95915,00001B000000000309CEAEA670E0FFC0
JR東日本,船橋,総武本・総武（各駅停車）,線,千葉県,船橋市,-,○,2,2,2,基,2,基,4,基,-,基,-,基,-,箇所,-,箇所,○,○,○,○,○,-,○,35.70173,139.98468,00001B000000000309CE472672AC7FC0
JR東日本,津田沼,総武本・総武（各駅停車）,線,千葉県,習志野市,-,○,3,3,3,基,3,基,6,基,3,基,-,基,-,箇所,-,箇所,○,○,○,○,○,-,○,35.69138,140.02023,00001B000000000309CD8CA6752C7FC0
JR東日本,幕張,総武本・総武（各駅停車）,線,千葉県,千葉市,-,○,2,2,4,基,4,基,4,基,-,基,-,基,-,箇所,-,箇所,○,○,○,○,○,-,○,35.65955,140.05782,00001B000000000309CB4FA677D0FFC0
JR東日本,新検見川,総武（各駅停車）,線,千葉県,千葉市,-,○,1,1,1,基,1,基,2,基,-,基,-,基,2,箇所,-,箇所,○,○,○,○,○,-,○,35.6518,140.07334,00001B000000000309CAC42678E87FC0
JR東日本,稲毛,総武（各駅停車）,線,千葉県,千葉市,-,○,2,2,2,基,2,基,4,基,-,基,-,基,-,箇所,-,箇所,○,○,○,○,○,-,○,35.63731,140.09257,00001B000000000309C9BFA67A427FC0
JR東日本,西千葉,総武（各駅停車）,線,千葉県,千葉市,-,○,1,1,1,基,1,基,2,基,-,基,-,基,2,箇所,-,箇所,○,○,○,○,○,-,○,35.62263,140.10332,00001B000000000309C8B7267B03FFC0
JR東日本,千葉,総武本・総武（各駅停車）,線,千葉県,千葉市,-,○,5,5,6,基,6,基,10,基,5,基,-,基,-,箇所,-,箇所,○,○,○,○,○,-,○,35.6135,140.11352,00001B000000000309C813267BBB7FC0
JR東日本,都賀,総武本,線,千葉県,千葉市,-,○,1,1,1,基,1,基,2,基,-,基,-,基,2,箇所,-,箇所,○,○,○,○,○,-,○,35.63602,140.14918,00001B000000000309C9A8267E3D7FC0
JR東日本,四街道,総武本,線,千葉県,四街道市,-,○,2,2,2,基,2,基,4,基,-,基,-,基,-,箇所,-,箇所,○,○,○,○,○,-,○,35.66279,140.1649,00001B000000000309CB8A267F587FC0
JR東日本,物井,総武本,線,千葉県,四街道市,-,○,2,2,2,基,2,基,-,基,-,基,-,基,-,箇所,-,箇所,○,○,-,○,○,-,○,35.68572,140.20031,00001B000000000309CD26A681D5FFC0
JR東日本,佐倉,総武本,線,千葉県,佐倉市,-,○,2,2,2,基,2,基,2,基,2,基,-,基,-,箇所,-,箇所,○,-,○,○,○,-,○,35.70974,140.22679,00001B000000000309CED72683B27FC0
JR東日本,榎戸,総武本,線,千葉県,八街市,-,-,2,2,-,基,-,基,-,基,-,基,-,基,-,箇所,-,箇所,○,-,-,○,○,-,○,35.68408,140.28812,00001B000000000309CD092688027FC0
JR東日本,八街,総武本,線,千葉県,八街市,-,○,2,2,2,基,2,基,4,基,-,基,-,基,-,箇所,-,箇所,○,○,○,○,○,-,○,35.66318,140.31742,00001B000000000309CB91268A11FFC0
JR東日本,成東,総武本・東金,線,千葉県,山武市,-,○,2,2,2,基,2,基,-,基,-,基,-,基,-,箇所,-,箇所,○,-,○,○,○,-,○,35.60854,140.41028,00001B000000000309C7B9A690997FC0
JR東日本,八日市場,総武本,線,千葉県,匝瑳市,-,○,2,2,2,基,2,基,-,基,-,基,-,基,-,箇所,-,箇所,○,○,○,○,○,-,○,35.69929,140.55239,00001B000000000309CE1B269A977FC0
JR東日本,旭,総武本,線,千葉県,旭市,-,○,2,2,2,基,2,基,-,基,-,基,-,基,1,箇所,1,箇所,○,-,×,○,○,-,○,35.72183,140.65469,00001B000000000309CFB0A6A1C87FC0
JR東日本,銚子,総武本・成田,線,千葉県,銚子市,-,○,2,2,2,基,2,基,-,基,-,基,-,基,-,箇所,-,箇所,○,○,○,○,○,-,○,35.72933,140.82746,00001B000000000309D037A6ADEE7FC0
JR東日本,東千葉,総武本,線,千葉県,千葉市,-,○,1,1,1,基,1,基,-,基,-,基,-,基,-,箇所,-,箇所,○,-,○,○,○,-,○,35.61713,140.12242,00001B000000000309C854267C5BFFC0
JR東日本,東船橋,総武（各駅停車）,線,千葉県,船橋市,-,○,1,1,1,基,1,基,2,基,-,基,-,基,-,箇所,-,箇所,○,○,○,○,○,-,○,35.69983,140.00407,00001B000000000309CE24A674097FC0
JR東日本,幕張本郷,総武（各駅停車）,線,千葉県,千葉市,-,○,1,1,1,基,1,基,2,基,1,基,-,基,-,箇所,-,箇所,○,○,○,○,○,-,○,35.67291,140.04208,00001B000000000309CC402676B57FC0
JR東日本,浅草橋,総武（各駅停車）,線,東京都,台東区,-,○,2,2,3,基,3,基,-,基,-,基,3,基,-,箇所,-,箇所,○,-,○,○,○,-,○,35.69739,139.78449,00001B000000000309CDF9266498FFC0
JR東日本,両国,総武（各駅停車）,線,東京都,墨田区,-,○,2,2,1,基,1,基,4,基,1,基,-,基,-,箇所,-,箇所,○,○,○,○,○,-,○,35.69575,139.79335,00001B000000000309CDDBA665387FC0
JR東日本,南船橋,京葉・武蔵野,線,千葉県,船橋市,-,○,2,2,3,基,3,基,2,基,-,基,-,基,-,箇所,-,箇所,○,○,○,○,○,-,○,35.68167,139.9957,00001B000000000309CCDE267372FFC0
JR東日本,新習志野,京葉・武蔵野,線,千葉県,習志野市,-,○,3,3,3,基,3,基,3,基,-,基,-,基,-,箇所,-,箇所,○,○,○,○,○,-,○,35.6674,140.01298,00001B000000000309CBDD2674A9FFC0
JR東日本,海浜幕張,京葉・武蔵野,線,千葉県,千葉市,-,○,2,2,4,基,4,基,5,基,-,基,-,基,1,箇所,-,箇所,○,○,○,○,○,-,○,35.6484,140.04199,00001B000000000309CA872676B3FFC0
JR東日本,検見川浜,京葉,線,千葉県,千葉市,-,○,2,2,3,基,3,基,4,基,-,基,-,基,-,箇所,-,箇所,○,○,○,○,○,-,○,35.63717,140.05909,00001B000000000309C9BD2677E7FFC0
JR東日本,稲毛海岸,京葉,線,千葉県,千葉市,-,○,2,2,2,基,2,基,4,基,-,基,-,基,-,箇所,-,箇所,○,○,○,○,○,-,○,35.62952,140.07385,00001B000000000309C9332678F17FC0
JR東日本,千葉みなと,京葉,線,千葉県,千葉市,-,○,2,2,2,基,2,基,2,基,-,基,-,基,1,箇所,-,箇所,○,○,○,○,○,-,○,35.60671,140.10279,00001B000000000309C798A67AFA7FC0
JR東日本,潮見,京葉・武蔵野,線,東京都,江東区,-,○,1,1,1,基,1,基,1,基,-,基,-,基,-,箇所,-,箇所,○,○,○,○,○,-,○,35.65886,139.81717,00001B000000000309CB432666E57FC0
JR東日本,新木場,京葉・武蔵野,線,東京都,江東区,-,○,1,1,1,基,1,基,2,基,-,基,-,基,-,箇所,-,箇所,○,○,○,○,○,-,○,35.64599,139.82684,00001B000000000309CA5BA667937FC0
JR東日本,葛西臨海公園,京葉・武蔵野,線,東京都,江戸川区,-,○,1,1,2,基,2,基,1,基,-,基,-,基,-,箇所,-,箇所,○,○,○,○,○,-,○,35.64417,139.86148,00001B000000000309CA3B266A02FFC0
JR東日本,舞浜,京葉・武蔵野,線,千葉県,浦安市,-,○,1,1,2,基,2,基,8,基,-,基,-,基,1,箇所,-,箇所,○,○,○,○,○,-,○,35.63616,139.88372,00001B000000000309C9AAA66B92FFC0
JR東日本,新浦安,京葉・武蔵野,線,千葉県,浦安市,-,○,2,2,2,基,2,基,4,基,-,基,-,基,1,箇所,-,箇所,○,○,○,○,○,-,○,35.64952,139.91253,00001B000000000309CA9B266D99FFC0
JR東日本,市川塩浜,京葉・武蔵野,線,千葉県,市川市,-,○,2,2,2,基,2,基,2,基,-,基,-,基,-,箇所,-,箇所,○,-,○,○,○,-,○,35.66648,139.92365,00001B000000000309CBCCA66E61FFC0
JR東日本,二俣新町,京葉,線,千葉県,市川市,-,○,1,1,1,基,1,基,1,基,-,基,-,基,-,箇所,-,箇所,○,○,○,○,○,-,○,35.69132,139.95955,00001B000000000309CD8BA670E7FFC0
JR東日本,本千葉,外房,線,千葉県,千葉市,-,○,1,1,1,基,1,基,1,基,-,基,-,基,-,箇所,-,箇所,○,○,○,○,○,-,○,35.60062,140.12142,00001B000000000309C72B267C49FFC0
JR東日本,蘇我,外房・内房,線,千葉県,千葉市,-,○,3,3,3,基,3,基,6,基,-,基,-,基,-,箇所,-,箇所,○,○,○,○,○,-,○,35.58216,140.13074,00001B000000000309C5DEA67CF17FC0
JR東日本,鎌取,外房,線,千葉県,千葉市,-,○,1,1,1,基,1,基,1,基,-,基,-,基,1,箇所,-,箇所,○,○,○,○,○,-,○,35.56265,140.17874,00001B000000000309C47FA680517FC0
JR東日本,誉田,外房,線,千葉県,千葉市,-,○,2,2,2,基,2,基,2,基,-,基,-,基,-,箇所,-,箇所,○,○,○,○,○,-,○,35.547,140.21379,00001B000000000309C3662682C87FC0
JR東日本,土気,外房,線,千葉県,千葉市,-,○,1,1,1,基,1,基,1,基,-,基,-,基,-,箇所,-,箇所,○,○,○,○,○,-,○,35.53092,140.26977,00001B000000000309C244A686B7FFC0
JR東日本,大網,外房・東金,線,千葉県,大網白里町,-,○,3,3,2,基,2,基,2,基,-,基,1,基,1,箇所,-,箇所,○,○,○,○,○,-,○,35.5225,140.31114,00001B000000000309C1AD2689A0FFC0
JR東日本,本納,外房,線,千葉県,茂原市,-,-,2,2,-,基,-,基,-,基,-,基,-,基,-,箇所,-,箇所,○,-,×,○,○,-,○,35.48216,140.30757,00001B000000000309BED6A689607FC0
JR東日本,茂原,外房,線,千葉県,茂原市,-,○,2,2,2,基,2,基,2,基,-,基,-,基,-,箇所,-,箇所,○,○,○,○,○,-,○,35.42683,140.30407,00001B000000000309BAF2A689217FC0
JR東日本,上総一ノ宮,外房,線,千葉県,一宮町,-,○,2,2,2,基,2,基,-,基,-,基,-,基,1,箇所,1,箇所,○,○,○,○,○,-,○,35.37468,140.36552,00001B000000000309B748268D737FC0
JR東日本,大原,外房,線,千葉県,いすみ市,-,○,2,2,2,基,2,基,-,基,-,基,-,基,1,箇所,1,箇所,○,-,○,○,○,-,○,35.25101,140.39103,00001B000000000309AE96268F3EFFC0
JR東日本,浜野,内房,線,千葉県,千葉市,-,○,1,1,1,基,1,基,2,基,-,基,-,基,-,箇所,-,箇所,○,○,○,○,○,-,○,35.5521,140.13218,00001B000000000309C3C1A67D0B7FC0
JR東日本,八幡宿,内房,線,千葉県,市原市,-,○,1,1,1,基,1,基,1,基,-,基,-,基,-,箇所,-,箇所,○,○,-,○,○,-,○,35.53616,140.12004,00001B000000000309C2A2A67C30FFC0
JR東日本,五井,内房,線,千葉県,市原市,-,○,1,1,1,基,1,基,2,基,-,基,-,基,-,箇所,-,箇所,○,○,○,○,○,-,○,35.51311,140.08974,00001B000000000309C103A67A0F7FC0
JR東日本,姉ケ崎,内房,線,千葉県,市原市,-,○,2,2,2,基,2,基,4,基,-,基,-,基,-,箇所,-,箇所,○,○,-,○,○,-,○,35.47864,140.0419,00001B000000000309BE97A676B27FC0
JR東日本,長浦,内房,線,千葉県,袖ケ浦市,-,○,1,1,1,基,1,基,-,基,-,基,-,基,-,箇所,-,箇所,○,○,○,○,○,-,○,35.45029,139.99543,00001B000000000309BC9926736DFFC0
JR東日本,袖ケ浦,内房,線,千葉県,袖ケ浦市,-,○,1,1,1,基,1,基,-,基,-,基,-,基,-,箇所,-,箇所,○,○,○,○,○,-,○,35.43191,139.95721,00001B000000000309BB4E2670BDFFC0
JR東日本,巌根,内房,線,千葉県,木更津市,-,-,2,2,-,基,-,基,-,基,-,基,-,基,-,箇所,-,箇所,○,-,×,○,○,-,○,35.414302,139.93324,00001B000000000309BA11266F0E7FC0
JR東日本,木更津,内房・久留里,線,千葉県,木更津市,-,○,2,2,2,基,2,基,2,基,-,基,-,基,-,箇所,-,箇所,○,○,○,○,○,-,○,35.38163,139.92613,00001B000000000309B7C5266E8E7FC0
JR東日本,君津,内房,線,千葉県,君津市,-,○,2,2,2,基,2,基,2,基,-,基,-,基,-,箇所,-,箇所,○,-,○,○,○,-,○,35.33359,139.89572,00001B000000000309B464A66C6AFFC0
JR東日本,青堀,内房,線,千葉県,富津市,-,-,1,1,-,基,-,基,-,基,-,基,-,基,-,箇所,-,箇所,○,-,×,○,○,-,○,35.33051,139.85894,00001B000000000309B42D2669D4FFC0
JR東日本,館山,内房,線,千葉県,館山市,-,○,2,2,2,基,2,基,2,基,-,基,-,基,-,箇所,-,箇所,○,○,×,○,○,-,○,34.99591,139.86199,00001B0000000003099CA6266A0BFFC0
JR東日本,酒々井,成田,線,千葉県,酒々井町,-,○,2,2,2,基,2,基,-,基,-,基,-,基,-,箇所,-,箇所,○,○,-,○,○,-,○,35.73185,140.27541,00001B000000000309D06526871D7FC0
JR東日本,成田,成田,線,千葉県,成田市,-,○,3,3,3,基,3,基,6,基,-,基,-,基,-,箇所,-,箇所,○,○,○,○,○,-,○,35.77719,140.31366,00001B000000000309D3952689CDFFC0
JR東日本,安食,成田,線,千葉県,栄町,-,-,2,2,-,基,-,基,-,基,-,基,-,基,1,箇所,1,箇所,○,-,-,○,○,-,○,35.83572,140.24228,00001B000000000309D7B2A684C97FC0
JR東日本,小林,成田,線,千葉県,印西町,-,○,2,2,2,基,2,基,-,基,-,基,-,基,-,箇所,-,箇所,○,○,○,○,○,-,○,35.83075,140.19311,00001B000000000309D759A68153FFC0
JR東日本,木下,成田,線,千葉県,印西町,-,○,2,2,2,基,2,基,-,基,-,基,-,基,-,箇所,-,箇所,○,○,-,○,○,-,○,35.83888,140.14799,00001B000000000309D7EBA67E27FFC0
JR東日本,布佐,成田,線,千葉県,我孫子市,-,○,2,2,2,基,2,基,-,基,-,基,-,基,-,箇所,-,箇所,○,○,-,○,○,-,○,35.84935,140.13297,00001B000000000309D8A8267D197FC0
JR東日本,新木,成田,線,千葉県,我孫子市,-,○,1,1,-,基,-,基,-,基,-,基,-,基,-,箇所,-,箇所,○,-,-,○,○,-,○,35.8624,140.10705,00001B000000000309D993267B46FFC0
JR東日本,湖北,成田,線,千葉県,我孫子市,-,○,1,1,1,基,1,基,-,基,-,基,-,基,-,箇所,-,箇所,○,○,○,○,○,-,○,35.8672,140.07799,00001B000000000309D9E9A6793BFFC0
JR東日本,佐原,成田,線,千葉県,香取市,-,○,2,2,2,基,2,基,-,基,-,基,-,基,2,箇所,2,箇所,○,-,×,○,○,-,○,35.89493,140.49377,00001B000000000309DBDCA69677FFC0
JR東日本,空港第２ビル,成田,線,千葉県,成田市,-,○,1,1,2,基,2,基,5,基,-,基,-,基,-,箇所,-,箇所,○,○,○,○,○,-,○,35.77296,140.38761,00001B000000000309D349268F00FFC0
JR東日本,成田空港,成田,線,千葉県,成田市,-,○,1,1,2,基,2,基,6,基,-,基,-,基,-,箇所,-,箇所,○,○,○,○,○,-,○,35.76573,140.3863,00001B000000000309D2C7268EE97FC0
JR東日本,東金,東金,線,千葉県,東金市,-,○,2,2,2,基,2,基,-,基,-,基,-,基,-,箇所,-,箇所,○,-,○,○,○,-,○,35.56009,140.3636,00001B000000000309C451A68D50FFC0
JR東日本,求名,東金,線,千葉県,東金市,-,-,1,1,-,基,-,基,-,基,-,基,-,基,-,箇所,-,箇所,○,-,×,○,○,-,○,35.57984,140.39618,00001B000000000309C5B5268F9B7FC0
JR東日本,新白河,東北・東北新幹・山形新幹・秋田新幹,線,福島県,西郷村,-,○,4,4,6,基,5,基,6,基,-,基,-,基,-,箇所,-,箇所,○,-,○,○,○,-,○,37.12254,140.18754,00001B00000000030A322DA680EFFFC0
JR東日本,新白河（新幹線）,東北新幹・山形新幹・秋田新幹,線,福島県,西郷村,-,○,2,2,4,基,2,基,6,基,-,基,-,基,-,箇所,-,箇所,○,-,○,○,○,-,○,37.12331,140.18883,00001B00000000030A323BA68106FFC0
JR東日本,須賀川,東北,線,福島県,須賀川市,-,-,2,2,-,基,-,基,-,基,-,基,-,基,2,箇所,1,箇所,○,-,-,○,○,-,○,37.30047,140.37155,00001B00000000030A3EB0268DDFFFC0
JR東日本,安積永盛,東北・水郡,線,福島県,郡山市,-,-,2,2,-,基,-,基,-,基,-,基,-,基,-,箇所,-,箇所,○,-,×,○,○,-,○,37.35659,140.36882,00001B00000000030A42A2A68DAEFFC0
JR東日本,郡山,東北・水郡・磐越東・磐越西・東北新幹・山形新幹・秋田新幹,線,福島県,郡山市,-,○,5,5,11,基,6,基,15,基,3,基,-,基,1,箇所,-,箇所,○,-,○,○,○,-,○,37.39815,140.38887,00001B00000000030A458EA68F17FFC0
JR東日本,郡山（新幹線）,東北新幹・山形新幹・秋田新幹,線,福島県,郡山市,-,○,2,2,4,基,2,基,4,基,-,基,-,基,-,箇所,-,箇所,○,-,○,○,○,-,○,37.39862,140.38862,00001B00000000030A4597268F137FC0
JR東日本,本宮,東北,線,福島県,本宮市,-,-,2,2,-,基,-,基,-,基,-,基,-,基,-,箇所,-,箇所,○,-,×,○,○,-,○,37.51373,140.39934,00001B00000000030A4DAF268FD47FC0
JR東日本,二本松,東北,線,福島県,二本松市,-,○,2,2,2,基,2,基,-,基,-,基,-,基,-,箇所,-,箇所,○,-,○,○,○,-,○,37.58946,140.43552,00001B00000000030A530226925F7FC0
JR東日本,金谷川,東北,線,福島県,福島市,-,○,1,1,2,基,2,基,-,基,-,基,-,基,-,箇所,-,箇所,○,-,○,○,○,-,○,37.68071,140.45201,00001B00000000030A596CA693887FC0
JR東日本,福島,東北・奥羽本・東北新幹・山形新幹・秋田新幹,線,福島県,福島市,-,○,6,6,9,基,7,基,11,基,2,基,-,基,1,箇所,1,箇所,○,-,○,○,○,-,○,37.75431,140.45985,00001B00000000030A5E99A694157FC0
JR東日本,福島（新幹線）,東北新幹・山形新幹・秋田新幹,線,福島県,福島市,-,○,2,2,4,基,2,基,4,基,-,基,-,基,-,箇所,-,箇所,○,-,○,○,○,-,○,37.75406,140.45861,00001B00000000030A5E952693FEFFC0
JR東日本,白石,東北,線,宮城県,白石市,-,○,2,2,2,基,2,基,-,基,-,基,-,基,-,箇所,-,箇所,○,-,○,○,○,-,○,38.0032,140.62627,00001B00000000030A7019A69FC8FFC0
JR東日本,大河原,東北,線,宮城県,大河原町,-,○,2,2,2,基,2,基,-,基,-,基,-,基,2,箇所,-,箇所,○,-,○,○,○,-,○,38.04769,140.7406,00001B00000000030A733A26A7D2FFC0
JR東日本,船岡,東北,線,宮城県,柴田町,-,○,2,2,2,基,2,基,-,基,-,基,-,基,1,箇所,1,箇所,○,-,-,○,○,-,○,38.05933,140.7674,00001B00000000030A740BA6A9B57FC0
JR東日本,槻木,東北・阿武隈急行,線,宮城県,柴田町,-,○,2,2,2,基,2,基,-,基,-,基,-,基,1,箇所,1,箇所,○,-,×,○,○,-,○,38.07887,140.80997,00001B00000000030A756BA6ACB37FC0
JR東日本,岩沼,東北・常磐,線,宮城県,岩沼市,-,○,3,3,3,基,3,基,-,基,-,基,-,基,-,箇所,-,箇所,○,-,○,○,○,-,○,38.11187,140.86365,00001B00000000030A77BDA6B079FFC0
JR東日本,館腰,東北,線,宮城県,名取市,-,-,2,2,-,基,-,基,-,基,-,基,-,基,-,箇所,-,箇所,○,-,-,○,○,-,○,38.14308,140.88016,00001B00000000030A79EF26B1A2FFC0
JR東日本,名取,東北,線,宮城県,名取市,-,○,2,2,2,基,2,基,4,基,-,基,-,基,-,箇所,-,箇所,○,-,○,○,○,-,○,38.1731,140.88275,00001B00000000030A7C0BA6B1D1FFC0
JR東日本,南仙台,東北,線,宮城県,仙台市,-,○,2,2,2,基,2,基,-,基,-,基,-,基,1,箇所,-,箇所,○,-,○,○,○,-,○,38.19722,140.8833,00001B00000000030A7DBDA6B1DB7FC0
JR東日本,長町,東北,線,宮城県,仙台市,-,○,1,1,1,基,1,基,2,基,-,基,-,基,-,箇所,-,箇所,○,○,○,○,○,-,○,38.22696,140.88615,00001B00000000030A7FD526B20EFFC0
JR東日本,仙台,東北・仙山・仙石・東北新幹・秋田新幹,線,宮城県,仙台市,-,○,5,5,10,基,10,基,29,基,1,基,-,基,-,箇所,-,箇所,○,-,○,○,○,-,○,38.25974,140.88252,00001B00000000030A822326B1CD7FC0
JR東日本,仙台（新幹線）,東北新幹・秋田新幹,線,宮城県,仙台市,-,○,2,2,4,基,4,基,8,基,0,基,-,基,-,箇所,-,箇所,○,-,○,○,○,-,○,38.26056,140.88204,00001B00000000030A823226B1C4FFC0
JR東日本,東仙台,東北,線,宮城県,仙台市,-,○,2,2,2,基,2,基,-,基,-,基,-,基,-,箇所,-,箇所,○,-,○,○,○,-,○,38.27636,140.91985,00001B00000000030A834E26B46D7FC0
JR東日本,岩切,東北,線,宮城県,仙台市,-,-,2,2,-,基,-,基,-,基,-,基,-,基,-,箇所,-,箇所,○,-,×,○,○,-,○,38.30098,140.9555,00001B00000000030A8509A6B6EF7FC0
JR東日本,塩釜,東北,線,宮城県,塩竈市,-,○,1,1,1,基,1,基,-,基,-,基,-,基,-,箇所,-,箇所,○,-,○,○,○,-,○,38.30967,141.00954,00001B00000000030A85A626BABBFFC0
JR東日本,鹿島台,東北,線,宮城県,大崎市,-,○,2,2,2,基,2,基,-,基,-,基,-,基,-,箇所,-,箇所,○,-,○,○,○,-,○,38.47451,141.09796,00001B00000000030A913D26C0F37FC0
JR東日本,小牛田,東北・陸羽東・石巻,線,宮城県,美里町,-,○,2,2,2,基,2,基,-,基,-,基,-,基,-,箇所,-,箇所,○,-,○,○,○,-,○,38.54066,141.06442,00001B00000000030A95E3A6BE97FFC0
JR東日本,利府,東北,線,宮城県,利府町,-,○,2,2,-,基,-,基,-,基,-,基,-,基,1,箇所,-,箇所,○,-,-,○,○,-,○,38.32935,140.9848,00001B00000000030A870826B8FE7FC0
JR東日本,亘理,常磐,線,宮城県,亘理町,-,-,2,2,-,基,-,基,-,基,-,基,-,基,-,箇所,-,箇所,○,-,-,○,○,-,○,38.03988,140.86129,00001B00000000030A72ADA6B04F7FC0
JR東日本,北仙台,仙山,線,宮城県,仙台市,-,○,1,1,1,基,1,基,-,基,-,基,-,基,-,箇所,-,箇所,○,-,○,○,○,-,○,38.28162,140.86996,00001B00000000030A83AD26B0EB7FC0
JR東日本,陸前落合,仙山,線,宮城県,仙台市,-,○,2,2,2,基,2,基,-,基,-,基,-,基,-,箇所,-,箇所,○,○,○,○,○,-,○,38.27343,140.79005,00001B00000000030A8319A6AB4CFFC0
JR東日本,愛子,仙山,線,宮城県,仙台市,-,○,2,2,-,基,-,基,-,基,-,基,-,基,2,箇所,2,箇所,○,-,○,○,○,-,○,38.27263,140.76144,00001B00000000030A830B26A949FFC0
JR東日本,北山,仙山,線,宮城県,仙台市,-,-,1,1,-,基,-,基,-,基,-,基,-,基,-,箇所,-,箇所,○,-,-,○,○,-,○,38.28515,140.8519,00001B00000000030A83ECA6AFA67FC0
JR東日本,国見,仙山,線,宮城県,仙台市,-,-,2,2,-,基,-,基,-,基,-,基,-,基,-,箇所,-,箇所,○,-,×,○,○,-,○,38.27479,140.83346,00001B00000000030A833226AE5A7FC0
JR東日本,東照宮,仙山,線,宮城県,仙台市,-,○,1,1,1,基,1,基,-,基,-,基,-,基,-,箇所,-,箇所,○,-,-,○,○,-,○,38.27726,140.88679,00001B00000000030A835EA6B21A7FC0
JR東日本,あおば通,仙石,線,宮城県,仙台市,-,○,1,1,2,基,2,基,5,基,-,基,1,基,-,箇所,-,箇所,○,-,○,○,○,-,○,38.26064,140.87852,00001B00000000030A8233A6B1857FC0
JR東日本,榴ケ岡,仙石,線,宮城県,仙台市,-,○,1,1,2,基,2,基,3,基,-,基,-,基,-,箇所,-,箇所,○,-,○,○,○,-,○,38.25875,140.8938,00001B00000000030A8211A6B2987FC0
JR東日本,宮城野原,仙石,線,宮城県,仙台市,-,○,1,1,2,基,2,基,6,基,-,基,-,基,-,箇所,-,箇所,○,-,○,○,○,-,○,38.26064,140.90472,00001B00000000030A8233A6B35CFFC0
JR東日本,陸前原ノ町,仙石,線,宮城県,仙台市,-,○,2,2,2,基,2,基,2,基,-,基,-,基,1,箇所,-,箇所,○,-,○,○,○,-,○,38.26607,140.91077,00001B00000000030A829526B3C9FFC0
JR東日本,苦竹,仙石,線,宮城県,仙台市,-,○,2,2,2,基,2,基,-,基,-,基,-,基,-,箇所,-,箇所,○,-,○,○,○,-,○,38.26875,140.91901,00001B00000000030A82C5A6B45E7FC0
JR東日本,小鶴新田,仙石,線,宮城県,仙台市,-,○,2,2,2,基,2,基,2,基,-,基,-,基,-,箇所,-,箇所,○,○,○,○,○,-,○,38.2734,140.93496,00001B00000000030A831926B57D7FC0
JR東日本,福田町,仙石,線,宮城県,仙台市,-,-,1,1,-,基,-,基,-,基,-,基,-,基,-,箇所,-,箇所,○,-,×,○,○,-,○,38.27499,140.95829,00001B00000000030A8335A6B7217FC0
JR東日本,陸前高砂,仙石,線,宮城県,仙台市,-,○,2,2,2,基,2,基,-,基,-,基,-,基,-,箇所,-,箇所,○,-,○,○,○,-,○,38.2735,140.96762,00001B00000000030A831B26B7C97FC0
JR東日本,多賀城,仙石,線,宮城県,多賀城市,-,○,2,2,2,基,2,基,2,基,-,基,-,基,-,箇所,-,箇所,○,-,○,○,○,-,○,38.29168,141.00538,00001B00000000030A846226BA70FFC0
JR東日本,下馬,仙石,線,宮城県,多賀城市,-,○,2,2,2,基,2,基,-,基,-,基,-,基,-,箇所,-,箇所,○,-,○,○,○,-,○,38.30584,141.015,00001B00000000030A856126BB1E7FC0
JR東日本,本塩釜,仙石,線,宮城県,塩竈市,-,○,2,2,3,基,3,基,-,基,-,基,-,基,-,箇所,-,箇所,○,-,○,○,○,-,○,38.31717,141.02017,00001B00000000030A862D26BB7B7FC0
JR東日本,東塩釜,仙石,線,宮城県,塩竈市,-,○,2,2,3,基,3,基,-,基,-,基,-,基,-,箇所,-,箇所,○,-,○,○,○,-,○,38.32412,141.02884,00001B00000000030A86AA26BC177FC0
JR東日本,中野栄,仙石,線,宮城県,仙台市,-,○,2,2,2,基,2,基,-,基,-,基,-,基,-,箇所,-,箇所,○,-,○,○,○,-,○,38.28084,140.9853,00001B00000000030A839F26B9077FC0
JR東日本,石巻,石巻,線,宮城県,石巻市,-,○,3,3,2,基,2,基,-,基,-,基,-,基,1,箇所,-,箇所,○,-,○,○,○,-,○,38.43535,141.30358,00001B00000000030A8E7C26CF687FC0
JR東日本,会津若松,磐越西・只見,線,福島県,会津若松市,-,○,3,3,2,基,2,基,-,基,-,基,1,基,1,箇所,-,箇所,○,-,○,○,○,-,○,37.50895,139.93017,00001B00000000030A4D59266ED77FC0
JR東日本,米沢,奥羽本・米坂,線,山形県,米沢市,-,○,2,2,2,基,2,基,-,基,-,基,-,基,1,箇所,-,箇所,○,-,○,○,○,-,○,37.90942,140.12829,00001B00000000030A6981A67CC57FC0
JR東日本,かみのやま温泉,奥羽本,線,山形県,上山市,-,○,2,2,2,基,2,基,-,基,-,基,-,基,1,箇所,1,箇所,○,-,-,○,○,-,○,38.1519,140.27845,00001B00000000030A7A8E2687547FC0
JR東日本,山形,奥羽本・左沢,線,山形県,山形市,-,○,3,3,3,基,3,基,3,基,1,基,-,基,-,箇所,-,箇所,○,-,○,○,○,-,○,38.24819,140.32733,00001B00000000030A8153268AC3FFC0
JR東日本,北山形,奥羽本・左沢,線,山形県,山形市,-,-,5,5,-,基,-,基,-,基,-,基,-,基,-,箇所,-,箇所,○,-,×,-,○,-,○,38.36008,140.36943,00001B00000000030A8931268DB9FFC0
JR東日本,天童,奥羽本,線,山形県,天童市,-,○,2,2,2,基,2,基,1,基,-,基,-,基,-,箇所,-,箇所,○,-,○,○,○,-,○,38.76252,140.30611,00001B00000000030AA57D268945FFC0
JR東日本,古川,陸羽東・東北新幹・秋田新幹,線,宮城県,大崎市,-,○,3,3,5,基,3,基,7,基,-,基,-,基,-,箇所,-,箇所,○,-,○,○,○,-,○,38.5706,140.96781,00001B00000000030A97FEA6B7CCFFC0
JR東日本,古川（新幹線）,東北・秋田新幹,線,宮城県,大崎市,-,○,2,2,2,基,2,基,4,基,-,基,-,基,-,箇所,-,箇所,○,-,○,○,○,-,○,38.26056,140.88204,00001B00000000030A823226B1C4FFC0
JR東日本,一ノ関,東北・大船渡・東北新幹・秋田新幹,線,岩手県,一関市,-,○,4,4,4,基,4,基,6,基,1,基,-,基,-,箇所,-,箇所,○,○,○,○,○,-,○,38.92661,141.13814,00001B00000000030AB106A6C3C6FFC0
JR東日本,一ノ関（新幹線）,東北・秋田新幹,線,岩手県,一関市,-,○,2,2,2,基,2,基,4,基,-,基,-,基,-,箇所,-,箇所,○,-,○,○,○,-,○,38.92623,141.139,00001B00000000030AB10026C3D5FFC0
JR東日本,水沢,東北,線,岩手県,奥州市,-,-,2,2,-,基,-,基,2,基,2,基,-,基,-,箇所,-,箇所,○,-,○,○,○,-,○,39.13923,141.14632,00001B00000000030ABFFA26C459FFC0
JR東日本,北上,東北・東北新幹・秋田新幹,線,岩手県,北上市,-,○,5,5,5,基,3,基,7,基,-,基,-,基,1,箇所,1,箇所,○,○,○,○,○,-,○,39.28141,141.12142,00001B00000000030AC9F926C299FFC0
JR東日本,北上（新幹線）,東北・秋田新幹,線,岩手県,北上市,-,○,2,2,3,基,3,基,4,基,-,基,-,基,-,箇所,-,箇所,○,○,○,○,○,-,○,39.28224,141.12256,00001B00000000030ACA0826C2AE7FC0
JR東日本,花巻,東北・釜石,線,岩手県,花巻市,-,○,2,2,2,基,2,基,2,基,2,基,-,基,-,箇所,-,箇所,○,○,○,○,○,-,○,39.39375,141.11032,00001B00000000030AD1DFA6C1D1FFC0
JR東日本,紫波中央,東北,線,岩手県,紫波町,-,-,2,2,-,基,-,基,-,基,-,基,-,基,-,箇所,-,箇所,○,-,-,○,○,-,○,39.55476,141.15992,00001B00000000030ADD31A6C54EFFC0
JR東日本,矢幅,東北,線,岩手県,矢巾町,-,○,2,2,2,基,2,基,2,基,-,基,-,基,-,箇所,-,箇所,○,○,×,○,○,-,○,39.61281,141.14811,00001B00000000030AE146A6C479FFC0
JR東日本,岩手飯岡,東北,線,岩手県,盛岡市,-,-,2,2,-,基,-,基,-,基,-,基,-,基,-,箇所,-,箇所,○,-,-,○,○,-,○,39.65375,141.14659,00001B00000000030AE427A6C45EFFC0
JR東日本,仙北町,東北,線,岩手県,盛岡市,-,-,1,1,-,基,-,基,-,基,-,基,-,基,1,箇所,-,箇所,○,-,×,×,○,-,○,39.687726,141.148756,00001B00000000030AE68B26C485FFC0
JR東日本,盛岡,東北・田沢湖・山田・東北新幹・秋田新幹,線,岩手県,盛岡市,-,○,6,6,9,基,7,基,20,基,-,基,-,基,1,箇所,1,箇所,○,-,○,○,○,-,○,39.70119,141.13637,00001B00000000030AE77D26C3A6FFC0
JR東日本,盛岡（新幹線）,東北・秋田新幹,線,岩手県,盛岡市,-,○,2,2,2,基,2,基,10,基,-,基,-,基,-,箇所,-,箇所,○,-,○,○,○,-,○,39.70155,141.13653,00001B00000000030AE783A6C3A9FFC0
JR東日本,八戸,八戸・東北新幹,線,青森県,八戸市,-,○,3,3,3,基,3,基,6,基,-,基,-,基,-,箇所,-,箇所,○,○,○,○,○,-,○,40.50919,141.43141,00001B00000000030B204D26D8657FC0
JR東日本,八戸（新幹線）,東北新幹,線,青森県,八戸市,-,○,2,2,2,基,2,基,4,基,-,基,-,基,-,箇所,-,箇所,○,○,○,○,○,-,○,40.50932,141.43094,00001B00000000030B204FA6D85CFFC0
JR東日本,青森,東北・津軽,線,青森県,青森市,-,-,3,3,3,基,-,基,3,基,2,基,-,基,-,箇所,-,箇所,○,○,○,○,○,-,○,40.83032,140.73465,00001B00000000030B36E1A6A767FFC0
JR東日本,新花巻（新幹線）,東北・秋田新幹,線,岩手県,花巻市,-,○,2,2,2,基,2,基,2,基,-,基,-,基,-,箇所,-,箇所,○,-,○,○,○,-,○,39.40649,141.17384,00001B00000000030AD2C4A6C6497FC0
JR東日本,大曲,奥羽本・田沢湖,線,秋田県,大仙市,-,○,3,3,2,基,2,基,2,基,-,基,-,基,-,箇所,-,箇所,○,○,×,○,○,-,○,39.46586,140.47954,00001B00000000030AD6F1269577FFC0
JR東日本,秋田,奥羽本・羽越,線,秋田県,秋田市,-,○,6,6,4,基,4,基,5,基,-,基,-,基,-,箇所,-,箇所,○,○,○,○,○,-,○,39.71755,140.12975,00001B00000000030AE8A3A67CDFFFC0
JR東日本,土崎,奥羽本,線,秋田県,秋田市,-,○,2,2,2,基,2,基,-,基,-,基,-,基,-,箇所,-,箇所,○,-,○,○,○,-,○,39.7589,140.07345,00001B00000000030AEB8C2678EA7FC0
JR東日本,追分,奥羽本・男鹿,線,秋田県,秋田市,-,-,2,2,-,基,-,基,-,基,-,基,-,基,-,箇所,-,箇所,○,-,-,○,○,-,○,39.80996,140.05782,00001B00000000030AEF232677D0FFC0
JR東日本,弘前,奥羽本,線,青森県,弘前市,-,○,2,2,2,基,2,基,4,基,-,基,-,基,-,箇所,-,箇所,○,○,○,○,○,-,○,40.59999,140.48489,00001B00000000030B26AFA695D87FC0
JR東日本,新青森,奥羽本・東北新幹,線,青森県,青森市,-,○,3,3,4,基,4,基,6,基,-,基,-,基,-,箇所,-,箇所,○,○,○,○,○,-,○,40.82755,140.69337,00001B00000000030B36AFA6A480FFC0
JR東日本,新青森（新幹線）,東北新幹,線,青森県,青森市,-,○,2,2,3,基,3,基,7,基,-,基,-,基,-,箇所,-,箇所,○,○,○,○,○,-,○,40.82823,140.69348,00001B00000000030B36BC26A482FFC0
JR東日本,越後湯沢,上越・上越新幹,線,新潟県,湯沢町,-,○,5,5,6,基,5,基,10,基,1,基,-,基,2,箇所,1,箇所,○,○,○,○,○,-,○,36.93544,138.8095,00001B00000000030A2505A6200B7FC0
JR東日本,越後湯沢（新幹線）,上越新幹,線,新潟県,湯沢町,-,○,2,2,2,基,2,基,5,基,-,基,-,基,1,箇所,1,箇所,○,-,○,○,○,-,○,36.93544,138.8095,00001B00000000030A2505A6200B7FC0
JR東日本,六日町,上越,線,新潟県,南魚沼市,-,○,2,2,2,基,2,基,-,基,-,基,-,基,-,箇所,-,箇所,○,○,×,○,○,-,○,37.06674,138.87559,00001B00000000030A2E412624B0FFC0
JR東日本,浦佐（新幹線）,上越新幹線,線,新潟県,南魚沼市,-,○,2,2,3,基,3,基,5,基,-,基,-,基,-,箇所,-,箇所,○,-,○,○,○,-,○,37.16747,138.92321,00001B00000000030A3556262809FFC0
JR東日本,新発田,羽越本・白新,線,新潟県,新発田市,-,○,2,2,2,基,2,基,-,基,-,基,-,基,-,箇所,-,箇所,○,○,○,○,○,-,○,37.94401,139.33512,00001B00000000030A6BF02645007FC0
JR東日本,村上,羽越本,線,新潟県,村上市,-,○,2,2,2,基,2,基,-,基,-,基,-,基,1,箇所,-,箇所,○,-,○,○,○,-,○,38.21988,139.46331,00001B00000000030A7F55A64E03FFC0
JR東日本,豊栄,白新,線,新潟県,新潟市,-,○,2,2,2,基,2,基,4,基,-,基,-,基,-,箇所,-,箇所,○,○,○,○,○,-,○,37.91952,139.21558,00001B00000000030A6A37263C987FC0
JR東日本,東新潟,白新,線,新潟県,新潟市,-,○,2,2,2,基,2,基,-,基,-,基,-,基,1,箇所,1,箇所,○,-,○,○,○,-,○,37.90879,139.10866,00001B00000000030A6976263513FFC0
JR東日本,直江津,信越本,線,新潟県,上越市,-,○,3,3,3,基,3,基,-,基,-,基,-,基,-,箇所,-,箇所,○,○,○,○,○,-,○,37.17026,138.24223,00001B00000000030A3588A5F8287FC0
JR東日本,柏崎,信越本・越後,線,新潟県,柏崎市,-,○,2,2,2,基,2,基,-,基,-,基,-,基,1,箇所,-,箇所,○,-,○,○,○,-,○,37.36355,138.55642,00001B00000000030A431FA60E3FFFC0
JR東日本,長岡,信越本・上越新幹,線,新潟県,長岡市,-,○,5,5,7,基,6,基,10,基,2,基,-,基,2,箇所,-,箇所,○,○,○,○,○,-,○,37.44769,138.8544,00001B00000000030A490A2623337FC0
JR東日本,長岡（新幹線）,上越新幹,線,新潟県,長岡市,-,○,2,2,3,基,3,基,8,基,-,基,-,基,1,箇所,-,箇所,○,-,○,○,○,-,○,37.44776,138.85397,00001B00000000030A490BA6232B7FC0
JR東日本,見附,信越本,線,新潟県,見附市,-,○,2,2,2,基,2,基,-,基,-,基,-,基,1,箇所,1,箇所,○,-,○,○,○,-,○,37.54015,138.90482,00001B00000000030A4F8AA626BEFFC0
JR東日本,三条,信越本,線,新潟県,三条市,-,-,2,2,-,基,-,基,-,基,-,基,-,基,1,箇所,-,箇所,○,-,×,○,○,-,○,37.62123,138.96088,00001B00000000030A553E262AAFFFC0
JR東日本,東三条,信越本,線,新潟県,三条市,-,○,2,2,2,基,2,基,-,基,-,基,-,基,1,箇所,1,箇所,○,○,○,○,○,-,○,37.62855,138.97475,00001B00000000030A55C1A62BA9FFC0
JR東日本,加茂,信越本,線,新潟県,加茂市,-,-,2,2,-,基,-,基,-,基,-,基,-,基,1,箇所,-,箇所,○,○,○,○,○,-,○,37.65884,139.04896,00001B00000000030A57E32630E17FC0
JR東日本,新津,信越本・磐越西・羽越,線,新潟県,新潟市,-,○,3,3,3,基,3,基,3,基,-,基,-,基,-,箇所,-,箇所,○,○,○,○,○,-,○,37.8003,139.12121,00001B00000000030A61D52635F5FFC0
JR東日本,荻川,信越本,線,新潟県,新潟市,-,○,2,2,2,基,2,基,-,基,-,基,-,基,-,箇所,-,箇所,○,-,○,○,○,-,○,37.83258,139.11163,00001B00000000030A641A2635497FC0
JR東日本,亀田,信越本,線,新潟県,新潟市,-,○,1,1,1,基,1,基,2,基,-,基,-,基,1,箇所,-,箇所,○,○,○,○,○,-,○,37.87718,139.10824,00001B00000000030A673D26350C7FC0
JR東日本,越後石山,信越本,線,新潟県,新潟市,-,-,2,2,-,基,-,基,-,基,-,基,-,基,-,箇所,-,箇所,○,-,-,○,○,-,○,37.89637,139.09547,00001B00000000030A6896A634267FC0
JR東日本,新潟,信越本・上越新幹・白新・越後,線,新潟県,新潟市,-,○,6,6,7,基,7,基,13,基,2,基,-,基,1,箇所,-,箇所,○,○,○,○,○,-,○,37.91225,139.06096,00001B00000000030A69B4A631B97FC0
JR東日本,新潟（新幹線）,上越新幹,線,新潟県,新潟市,-,○,2,2,2,基,2,基,11,基,-,基,-,基,-,箇所,-,箇所,○,-,○,○,○,-,○,37.91201,139.06175,00001B00000000030A69B02631C7FFC0
JR東日本,吉田,越後・弥彦,線,新潟県,燕市,-,-,3,3,-,基,-,基,-,基,-,基,-,基,1,箇所,-,箇所,○,-,×,○,○,-,-,37.68713,138.87857,00001B00000000030A59E02624E67FC0
JR東日本,巻,越後,線,新潟県,新潟市,-,-,2,2,-,基,-,基,-,基,-,基,-,基,1,箇所,-,箇所,○,-,○,○,○,-,○,37.75699,138.8896,00001B00000000030A5EC9A625ACFFC0
JR東日本,内野,越後,線,新潟県,新潟市,-,○,2,2,2,基,2,基,-,基,-,基,-,基,-,箇所,-,箇所,○,-,○,○,○,-,○,37.85832,138.93662,00001B00000000030A65E9A628FB7FC0
JR東日本,寺尾,越後,線,新潟県,新潟市,-,○,1,1,1,基,1,基,-,基,-,基,-,基,1,箇所,-,箇所,○,-,○,○,○,-,-,37.87902,138.97363,00001B00000000030A675E262B957FC0
JR東日本,小針,越後,線,新潟県,新潟市,-,-,2,2,-,基,-,基,-,基,-,基,-,基,1,箇所,-,箇所,○,-,×,○,○,-,○,37.8895,138.99113,00001B00000000030A681B262CD07FC0
JR東日本,関屋,越後,線,新潟県,新潟市,-,○,1,1,1,基,1,基,-,基,-,基,-,基,-,箇所,-,箇所,○,-,○,○,○,-,○,37.90613,139.01515,00001B00000000030A6946262E80FFC0
JR東日本,白山,越後,線,新潟県,新潟市,-,○,2,2,2,基,2,基,4,基,-,基,-,基,-,箇所,-,箇所,○,-,○,○,○,-,○,37.91186,139.02998,00001B00000000030A69AD262F8BFFC0
JR東日本,新潟大学前,越後,線,新潟県,新潟市,-,○,1,1,1,基,1,基,-,基,-,基,-,基,-,箇所,-,箇所,○,-,○,○,○,-,○,37.86919,138.95458,00001B00000000030A66AD262A3E7FC0
JR東日本,燕三条,弥彦・上越新幹,線,新潟県,三条市,-,-,3,3,4,基,4,基,5,基,-,基,-,基,1,箇所,1,箇所,○,-,○,○,○,-,○,37.64904,138.93943,00001B00000000030A5732A6292DFFC0
JR東日本,燕三条（新幹線）,上越新幹,線,新潟県,三条市,-,○,2,2,4,基,4,基,5,基,-,基,-,基,1,箇所,1,箇所,○,-,×,○,○,-,○,37.64772,138.93858,00001B00000000030A571AA6291E7FC0
JR東日本,茅野,中央,線,長野県,茅野市,-,○,2,2,2,基,2,基,-,基,-,基,-,基,1,箇所,1,箇所,○,○,○,○,○,-,○,35.995,138.15176,00001B000000000309E2E625F1CBFFC0
JR東日本,上諏訪,中央,線,長野県,諏訪市,-,○,2,2,2,基,2,基,-,基,-,基,-,基,-,箇所,-,箇所,○,○,×,○,○,-,○,36.04676,138.11627,00001B000000000309E689A5EF4CFFC0
JR東日本,下諏訪,中央,線,長野県,下諏訪町,-,○,2,2,2,基,2,基,-,基,-,基,-,基,-,箇所,-,箇所,○,○,○,○,○,-,○,36.07197,138.08499,00001B000000000309E84F25ED19FFC0
JR東日本,岡谷,中央,線,長野県,岡谷市,-,○,2,2,2,基,2,基,-,基,-,基,-,基,-,箇所,-,箇所,○,○,○,○,○,-,○,36.05676,138.04512,00001B000000000309E73DA5EA4C7FC0
JR東日本,塩尻,中央,線,長野県,塩尻市,-,○,3,3,3,基,3,基,-,基,-,基,-,基,2,箇所,-,箇所,○,○,○,○,○,-,○,36.1148,137.94788,00001B000000000309EB5225E375FFC0
JR東日本,佐久平,小海・北陸新幹,線,長野県,佐久市,-,○,3,3,2,基,2,基,2,基,-,基,-,基,-,箇所,-,箇所,○,-,○,○,○,-,○,36.27757,138.46331,00001B000000000309F6C42607B3FFC0
JR東日本,佐久平（新幹線）,北陸新幹,線,長野県,佐久市,-,○,2,2,2,基,2,基,4,基,-,基,-,基,-,箇所,-,箇所,○,○,○,○,○,-,○,36.27815,138.46465,00001B000000000309F6CEA607CBFFC0
JR東日本,小諸,小海,線,長野県,小諸市,-,-,1,1,-,基,-,基,-,基,-,基,-,基,-,箇所,-,箇所,○,-,-,○,○,-,○,36.32587,138.42263,00001B000000000309FA29A604D77FC0
JR東日本,広丘,篠ノ井,線,長野県,塩尻市,-,○,2,2,2,基,2,基,-,基,-,基,-,基,-,箇所,-,箇所,○,○,-,○,○,-,○,36.14793,137.94959,00001B000000000309EDA6A5E394FFC0
JR東日本,村井,篠ノ井,線,長野県,松本市,-,-,1,1,-,基,-,基,-,基,-,基,-,基,-,箇所,-,箇所,○,-,×,○,○,-,○,36.1743,137.95605,00001B000000000309EF8125E408FFC0
JR東日本,南松本,篠ノ井,線,長野県,松本市,-,-,1,1,-,基,-,基,-,基,-,基,-,基,-,箇所,-,箇所,○,-,×,○,○,-,○,36.21068,137.9696,00001B000000000309F21025E4FCFFC0
JR東日本,松本,篠ノ井・大糸,線,長野県,松本市,-,○,4,4,4,基,4,基,6,基,-,基,-,基,-,箇所,-,箇所,○,○,○,○,○,-,○,36.23027,137.96463,00001B000000000309F370A5E4A37FC0
JR東日本,篠ノ井,信越,線,長野県,長野市,-,○,2,2,2,基,2,基,-,基,-,基,-,基,-,箇所,-,箇所,○,○,×,○,○,-,○,36.57711,138.13813,00001B00000000030A0BD3A5F0D67FC0
JR東日本,今井,信越,線,長野県,長野市,-,○,2,2,-,基,-,基,-,基,-,基,1,基,2,箇所,-,箇所,○,-,-,○,○,-,○,36.59488,138.14508,00001B00000000030A0D13A5F1537FC0
JR東日本,川中島,信越,線,長野県,長野市,-,-,1,1,-,基,-,基,-,基,-,基,-,基,1,箇所,-,箇所,○,-,×,○,○,-,○,36.61406,138.15072,00001B00000000030A0E6D25F1B8FFC0
JR東日本,長野,信越・北陸新幹,線,長野県,長野市,-,○,5,5,3,基,3,基,2,基,0,基,-,基,-,箇所,-,箇所,○,○,○,○,○,-,○,36.64346,138.18885,00001B00000000030A107E25F4677FC0
JR東日本,長野（新幹線）,北陸新幹,線,長野県,長野市,-,○,2,2,2,基,2,基,4,基,-,基,-,基,-,箇所,-,箇所,○,○,○,○,○,-,○,36.64281,138.18887,00001B00000000030A1072A5F467FFC0
JR東日本,飯山（新幹線）,北陸新幹,線,長野県,飯山市,-,○,2,2,2,基,2,基,4,基,-,基,-,基,-,箇所,-,箇所,○,○,○,○,○,-,○,36.84525,138.35897,00001B00000000030A1EAEA6005DFFC0
JR東日本,上越妙高,北陸新幹,線,新潟県,上越市,-,○,2,2,2,基,2,基,4,基,-,基,-,基,-,箇所,-,箇所,○,○,○,○,○,-,○,37.081599,138.248231,00001B00000000030A2F4CA5F8947FC0
JR東日本,本庄早稲田,上越新幹,線,埼玉県,本庄市,-,○,2,2,2,基,2,基,4,基,-,基,-,基,-,箇所,-,箇所,○,○,○,○,○,-,○,36.21869,139.17973,00001B000000000309F2A0263A137FC0
JR東日本,軽井沢,北陸新幹,線,長野県,軽井沢町,-,○,2,2,2,基,2,基,4,基,-,基,-,基,4,箇所,4,箇所,○,○,○,○,○,-,○,36.3426,138.63498,00001B000000000309FB56A613C5FFC0
JR東日本,上田,北陸新幹,線,長野県,上田市,-,○,2,2,2,基,2,基,4,基,-,基,-,基,-,箇所,-,箇所,○,○,○,○,○,-,○,36.39614,138.25023,00001B000000000309FF1AA5F8B87FC0
JR東日本,太子堂,東北・常磐,線,宮城県,仙台市,-,○,1,1,1,基,1,基,2,基,-,基,-,基,-,箇所,-,箇所,○,○,○,○,○,-,○,38.21775,140.88373,00001B00000000030A7F2FA6B1E37FC0
JR東日本,東北福祉大前,仙山,線,宮城県,仙台市,-,○,1,1,1,基,-,基,-,基,-,基,-,基,-,箇所,-,箇所,○,○,○,○,○,-,○,38.28043,140.84283,00001B00000000030A8397A6AF02FFC0
東海旅客鉄道,函南,東海道本線,線,静岡県,田方郡,函南町,○,1,1,2,基,2,基,-,基,-,基,-,基,-,箇所,-,箇所,○,○,○,○,○,1,○,35.10877,138.97123,00001B000000000309A495A62B6A7FC0
東海旅客鉄道,三島,東海道本線・東海道新幹線,線,静岡県,三島市,-,○,3,3,4,基,4,基,7,基,-,基,1,基,-,箇所,-,箇所,○,○,○,○,○,3,○,35.126778,138.910299,00001B000000000309A5DA2627217FC0
東海旅客鉄道,三島（新幹線）,東海道新幹線,線,静岡県,三島市,-,○,1,1,1,基,1,基,2,基,-,基,-,基,-,箇所,-,箇所,○,○,○,○,○,1,○,35.1267,138.90968,00001B000000000309A5D8A627167FC0
東海旅客鉄道,沼津,東海道本線・御殿場線,線,静岡県,沼津市,-,○,3,3,5,基,5,基,-,基,-,基,-,基,-,箇所,-,箇所,○,○,○,○,○,3,○,35.103026,138.859302,00001B000000000309A42E26238B7FC0
東海旅客鉄道,片浜,東海道本線,線,静岡県,沼津市,-,○,2,2,2,基,2,基,-,基,-,基,-,基,-,箇所,-,箇所,○,○,○,○,○,2,○,35.11824,138.81896,00001B000000000309A5402620B57FC0
東海旅客鉄道,原,東海道本線,線,静岡県,沼津市,-,○,2,2,2,基,2,基,-,基,-,基,-,基,1,箇所,1,箇所,○,○,○,○,○,1,○,35.12494,138.79334,00001B000000000309A5B8A61EE87FC0
東海旅客鉄道,吉原,東海道本線,線,静岡県,富士市,-,○,1,1,3,基,3,基,-,基,-,基,-,基,1,箇所,1,箇所,○,○,○,○,○,1,○,35.14388,138.70264,00001B000000000309A70DA61887FFC0
東海旅客鉄道,富士,東海道本線・身延線,線,静岡県,富士市,-,○,3,3,3,基,3,基,4,基,-,基,-,基,-,箇所,-,箇所,○,○,○,○,○,3,○,35.15127,138.65209,00001B000000000309A792A614F9FFC0
東海旅客鉄道,新蒲原,東海道本線,線,静岡県,静岡市,清水区,○,2,2,2,基,2,基,-,基,-,基,-,基,1,箇所,1,箇所,○,○,○,○,○,2,○,35.1194,138.60808,00001B000000000309A5552611E1FFC0
東海旅客鉄道,由比,東海道本線,線,静岡県,静岡市,清水区,-,3,3,-,基,-,基,-,基,-,基,-,基,-,箇所,-,箇所,○,-,×,○,○,1,○,35.09712,138.55282,00001B000000000309A3C4260DFEFFC0
東海旅客鉄道,興津,東海道本線,線,静岡県,静岡市,清水区,○,2,2,2,基,2,基,-,基,-,基,-,基,2,箇所,2,箇所,○,○,○,○,○,2,○,35.05252,138.52191,00001B000000000309A0A1260BD27FC0
東海旅客鉄道,清水,東海道本線,線,静岡県,静岡市,清水区,○,1,1,1,基,1,基,2,基,-,基,-,基,-,箇所,-,箇所,○,○,○,○,○,1,○,35.0234,138.4891,00001B0000000003099E95260983FFC0
東海旅客鉄道,草薙,東海道本線,線,静岡県,静岡市,清水区,○,2,2,2,基,2,基,2,基,-,基,-,基,-,箇所,-,箇所,○,○,○,○,○,2,○,35.00221,138.44089,00001B0000000003099D17A606207FC0
東海旅客鉄道,東静岡,東海道本線,線,静岡県,静岡市,葵区,○,1,1,1,基,1,基,2,基,-,基,-,基,-,箇所,-,箇所,○,○,○,○,○,1,○,34.98389,138.41265,00001B0000000003099BCE260423FFC0
東海旅客鉄道,静岡,東海道本線・東海道新幹線,線,静岡県,静岡市,葵区,○,4,4,5,基,5,基,11,基,-,基,-,基,-,箇所,-,箇所,○,○,○,○,○,4,○,34.971708,138.389163,00001B0000000003099AF2A6027CFFC0
東海旅客鉄道,静岡（新幹線）,東海道新幹線,線,静岡県,静岡市,葵区,○,2,2,3,基,3,基,6,基,-,基,-,基,-,箇所,-,箇所,○,○,○,○,○,2,○,34.97171,138.3896,00001B0000000003099AF2A60284FFC0
東海旅客鉄道,安倍川,東海道本線,線,静岡県,静岡市,駿河区,○,2,2,2,基,2,基,-,基,-,基,-,基,0,箇所,0,箇所,○,○,○,○,○,2,○,34.94096,138.36409,00001B00000000030998C92600B9FFC0
東海旅客鉄道,用宗,東海道本線,線,静岡県,静岡市,駿河区,○,2,2,2,基,2,基,-,基,-,基,-,基,-,箇所,-,箇所,○,○,○,○,○,1,○,34.92188,138.35932,00001B0000000003099771A60063FFC0
東海旅客鉄道,焼津,東海道本線,線,静岡県,焼津市,-,○,1,1,2,基,2,基,2,基,-,基,-,基,-,箇所,-,箇所,○,○,○,○,○,1,○,34.87228,138.31848,00001B00000000030993F525FD84FFC0
東海旅客鉄道,西焼津,東海道本線,線,静岡県,焼津市,-,○,2,2,2,基,2,基,-,基,-,基,-,基,-,箇所,-,箇所,○,○,○,○,○,2,○,34.85981,138.2856,00001B0000000003099314A5FB34FFC0
東海旅客鉄道,藤枝,東海道本線,線,静岡県,藤枝市,-,-,2,2,1,基,1,基,2,基,-,基,-,基,1,箇所,1,箇所,○,○,○,○,○,2,○,34.84957,138.25287,00001B000000000309925C25F8E7FFC0
東海旅客鉄道,六合,東海道本線,線,静岡県,島田市,-,○,2,2,2,基,2,基,-,基,-,基,-,基,2,箇所,2,箇所,○,○,○,○,○,2,○,34.83641,138.20358,00001B000000000309916F25F5707FC0
東海旅客鉄道,島田,東海道本線,線,静岡県,島田市,-,○,2,2,2,基,2,基,1,基,-,基,-,基,-,箇所,-,箇所,○,○,○,○,○,2,○,34.83015,138.17343,00001B00000000030990FEA5F351FFC0
東海旅客鉄道,金谷,東海道本線,線,静岡県,島田市,-,○,2,2,2,基,2,基,-,基,-,基,-,基,-,箇所,-,箇所,○,○,○,○,○,2,○,34.81923,138.12582,00001B000000000309903A25EFF8FFC0
東海旅客鉄道,菊川,東海道本線,線,静岡県,菊川市,-,○,2,2,2,基,2,基,-,基,-,基,-,基,-,箇所,-,箇所,○,○,○,○,○,2,○,34.76176,138.08567,00001B0000000003098C2FA5ED267FC0
東海旅客鉄道,掛川,東海道本線・東海道新幹線,線,静岡県,掛川市,-,○,4,4,5,基,5,基,4,基,-,基,-,基,-,箇所,-,箇所,○,○,○,○,○,4,○,34.769303,138.0148,00001B0000000003098CB725E82A7FC0
東海旅客鉄道,掛川（新幹線）,東海道新幹線,線,静岡県,掛川市,-,○,2,2,2,基,2,基,4,基,-,基,-,基,-,箇所,-,箇所,○,○,○,○,○,2,○,34.76914,138.01514,00001B0000000003098CB4A5E830FFC0
東海旅客鉄道,愛野,東海道本線,線,静岡県,袋井市,-,○,1,1,1,基,1,基,2,基,-,基,-,基,-,箇所,-,箇所,○,○,○,○,○,1,○,34.75245,137.96185,00001B0000000003098B8825E4717FC0
東海旅客鉄道,袋井,東海道本線,線,静岡県,袋井市,-,○,1,1,1,基,1,基,1,基,-,基,-,基,-,箇所,-,箇所,○,○,○,○,○,1,○,34.74144,137.926,00001B0000000003098AC1A5E1EC7FC0
東海旅客鉄道,磐田,東海道本線,線,静岡県,磐田市,-,○,1,1,1,基,1,基,1,基,-,基,-,基,-,箇所,-,箇所,○,○,○,○,○,1,○,34.71021,137.85227,00001B000000000309888FA5DCBCFFC0
東海旅客鉄道,豊田町,東海道本線,線,静岡県,磐田市,-,○,2,2,2,基,2,基,-,基,-,基,-,基,-,箇所,-,箇所,○,○,○,○,○,2,○,34.71209,137.8198,00001B00000000030988B1A5DA747FC0
東海旅客鉄道,天竜川,東海道本線,線,静岡県,浜松市,東区,-,2,2,-,基,-,基,-,基,-,基,1,基,-,箇所,-,箇所,○,-,×,○,○,2,○,34.71706,137.77941,00001B000000000309890B25D79D7FC0
東海旅客鉄道,浜松,東海道本線・東海道新幹線,線,静岡県,浜松市,中区,○,4,4,5,基,5,基,11,基,-,基,-,基,1,箇所,1,箇所,○,○,○,○,○,4,○,34.703595,137.73459,00001B0000000003098818A5D476FFC0
東海旅客鉄道,浜松（新幹線）,東海道新幹線,線,静岡県,浜松市,中区,○,2,2,3,基,3,基,6,基,-,基,-,基,1,箇所,1,箇所,○,○,○,○,○,2,○,34.70388,137.73557,00001B000000000309881DA5D4887FC0
東海旅客鉄道,高塚,東海道本線,線,静岡県,浜松市,南区,○,2,2,2,基,2,基,-,基,-,基,-,基,-,箇所,-,箇所,○,-,○,○,○,2,○,34.69042,137.68134,00001B000000000309872BA5D0B87FC0
東海旅客鉄道,舞阪,東海道本線,線,静岡県,浜松市,西区,○,2,2,2,基,2,基,-,基,-,基,-,基,-,箇所,-,箇所,○,○,○,○,○,2,○,34.68569,137.62633,00001B00000000030986D625CCD9FFC0
東海旅客鉄道,新居町,東海道本線,線,静岡県,湖西市,-,○,2,2,3,基,3,基,-,基,-,基,-,基,2,箇所,2,箇所,○,○,○,○,○,1,○,34.69428,137.56899,00001B000000000309877125C8D1FFC0
東海旅客鉄道,鷲津,東海道本線,線,静岡県,湖西市,-,○,2,2,2,基,2,基,-,基,-,基,-,基,2,箇所,2,箇所,○,○,○,○,○,2,○,34.71677,137.54619,00001B0000000003098905A5C7377FC0
東海旅客鉄道,新所原,東海道本線,線,静岡県,湖西市,-,○,2,2,2,基,2,基,-,基,-,基,-,基,-,箇所,-,箇所,○,○,○,○,○,2,○,34.72326,137.48446,00001B000000000309897AA5C2E07FC0
東海旅客鉄道,二川,東海道本線,線,愛知県,豊橋市,-,○,2,2,2,基,2,基,-,基,-,基,-,基,-,箇所,-,箇所,○,○,○,○,○,2,○,34.72579,137.43887,00001B00000000030989A825BFABFFC0
東海旅客鉄道,豊橋,東海道本線・飯田線・東海道新幹線・名古屋本線,線,愛知県,豊橋市,-,○,5,5,5,基,5,基,6,基,-,基,-,基,-,箇所,-,箇所,○,○,○,○,○,5,○,34.76228,137.38254,00001B0000000003098C3925BBB5FFC0
東海旅客鉄道,豊橋,東海道本線・飯田線・東海道新幹線,線,愛知県,豊橋市,-,○,5,5,5,基,5,基,6,基,-,基,-,基,-,箇所,-,箇所,○,○,○,○,○,5,○,34.76228,137.38254,00001B0000000003098C3925BBB5FFC0
東海旅客鉄道,豊橋（新幹線）,東海道新幹線,線,愛知県,豊橋市,-,○,2,2,2,基,2,基,4,基,-,基,-,基,-,箇所,-,箇所,○,○,○,○,○,2,○,34.76289,137.38115,00001B0000000003098C4425BB9CFFC0
東海旅客鉄道,三河三谷,東海道本線,線,愛知県,蒲郡市,-,-,2,2,-,基,-,基,-,基,-,基,-,基,1,箇所,-,箇所,○,-,×,○,○,2,○,34.81851,137.24803,00001B000000000309902D25B240FFC0
東海旅客鉄道,蒲郡,東海道本線,線,愛知県,蒲郡市,-,○,2,2,2,基,2,基,4,基,-,基,-,基,-,箇所,-,箇所,○,○,○,○,○,2,○,34.82273,137.22738,00001B000000000309907925B0CCFFC0
東海旅客鉄道,幸田,東海道本線,線,愛知県,額田郡,幸田町,○,1,1,2,基,2,基,-,基,-,基,-,基,-,箇所,-,箇所,○,○,○,○,○,1,○,34.85967,137.16447,00001B000000000309931225AC607FC0
東海旅客鉄道,岡崎,東海道本線・愛知環状鉄道,線,愛知県,岡崎市,-,○,3,3,3,基,3,基,2,基,-,基,-,基,-,箇所,-,箇所,○,○,○,○,○,3,○,34.92535,137.15727,00001B00000000030997B025ABDEFFC0
東海旅客鉄道,岡崎,東海道本線,線,愛知県,岡崎市,-,○,3,3,3,基,3,基,2,基,-,基,-,基,-,箇所,-,箇所,○,○,○,○,○,3,○,34.92535,137.15727,00001B00000000030997B025ABDEFFC0
東海旅客鉄道,西岡崎,東海道本線,線,愛知県,岡崎市,-,-,2,2,-,基,-,基,-,基,-,基,-,基,-,箇所,-,箇所,○,-,-,○,○,2,○,34.94662,137.12316,00001B000000000309992F25A978FFC0
東海旅客鉄道,安城,東海道本線,線,愛知県,安城市,-,○,2,2,2,基,2,基,1,基,-,基,-,基,-,箇所,-,箇所,○,○,○,○,○,2,○,34.96047,137.08635,00001B0000000003099A2825A6E27FC0
東海旅客鉄道,三河安城,東海道本線,線,愛知県,安城市,-,○,4,4,4,基,4,基,4,基,-,基,-,基,1,箇所,1,箇所,○,○,○,○,○,4,○,34.97028,137.06142,00001B0000000003099AD925A521FFC0
東海旅客鉄道,三河安城（新幹線）,東海道新幹線,線,愛知県,安城市,-,○,2,2,2,基,2,基,4,基,-,基,-,基,1,箇所,1,箇所,○,○,○,○,○,2,○,34.96904,137.0603,00001B0000000003099AC2A5A50D7FC0
東海旅客鉄道,東刈谷,東海道本線,線,愛知県,刈谷市,-,○,2,2,4,基,4,基,4,基,-,基,-,基,-,箇所,-,箇所,○,○,○,○,○,2,○,34.97736,137.04363,00001B0000000003099B5825A3E17FC0
東海旅客鉄道,野田新町,東海道本線,線,愛知県,刈谷市,-,○,2,2,2,基,2,基,-,基,-,基,-,基,-,箇所,-,箇所,○,○,○,○,○,2,○,34.98351,137.02816,00001B0000000003099BC725A2CAFFC0
東海旅客鉄道,刈谷,東海道本線,線,愛知県,刈谷市,-,○,2,2,2,基,2,基,4,基,-,基,-,基,-,箇所,-,箇所,○,○,○,○,○,2,○,34.99081,137.00971,00001B0000000003099C4AA5A17EFFC0
東海旅客鉄道,逢妻,東海道本線,線,愛知県,刈谷市,-,○,2,2,2,基,2,基,-,基,-,基,1,基,-,箇所,-,箇所,○,○,○,○,○,2,○,34.99824,136.99054,00001B0000000003099CD025A025FFC0
東海旅客鉄道,大府,東海道本線・武豊線,線,愛知県,大府市,-,○,3,3,3,基,3,基,3,基,-,基,-,基,-,箇所,-,箇所,○,○,○,○,○,3,○,35.008676,136.961801,00001B0000000003099D8C259E207FC0
東海旅客鉄道,共和,東海道本線,線,愛知県,大府市,-,○,2,2,2,基,2,基,2,基,2,基,-,基,-,箇所,-,箇所,○,○,○,○,○,2,○,35.03536,136.95458,00001B0000000003099F6C259D9E7FC0
東海旅客鉄道,南大高,東海道本線,線,愛知県,名古屋市,緑区,○,2,2,2,基,2,基,-,基,-,基,-,基,-,箇所,-,箇所,○,○,○,○,○,2,○,35.05446,136.94872,00001B000000000309A0C4259D34FFC0
東海旅客鉄道,大高,東海道本線,線,愛知県,名古屋市,緑区,○,1,1,1,基,1,基,-,基,-,基,-,基,-,箇所,-,箇所,○,○,○,○,○,1,○,35.0691,136.94028,00001B000000000309A1CBA59C9D7FC0
東海旅客鉄道,笠寺,東海道本線,線,愛知県,名古屋市,南区,○,3,3,3,基,3,基,-,基,-,基,-,基,-,箇所,-,箇所,○,○,○,○,○,3,○,35.0951,136.92634,00001B000000000309A39FA59BA27FC0
東海旅客鉄道,熱田,東海道本線,線,愛知県,名古屋市,熱田区,○,2,2,3,基,3,基,-,基,-,基,-,基,1,箇所,1,箇所,○,○,○,○,○,2,○,35.12991,136.91064,00001B000000000309A612259A87FFC0
東海旅客鉄道,尾頭橋,東海道本線,線,愛知県,名古屋市,中川区,○,1,1,1,基,1,基,2,基,-,基,-,基,-,箇所,-,箇所,○,○,○,○,○,1,○,35.14703,136.89098,00001B000000000309A746A59925FFC0
東海旅客鉄道,名古屋,東海道本線・関西本線・東海道新幹線,線,愛知県,名古屋市,中村区,○,8,8,8,基,8,基,22,基,-,基,-,基,4,箇所,3,箇所,○,○,○,○,○,8,○,35.17131,136.8822,00001B000000000309A8FBA59887FFC0
東海旅客鉄道,名古屋（新幹線）,東海道新幹線,線,愛知県,名古屋市,中村区,○,2,2,2,基,2,基,12,基,-,基,-,基,1,箇所,1,箇所,○,○,○,○,○,2,○,35.17048,136.88103,00001B000000000309A8ECA59872FFC0
東海旅客鉄道,枇杷島,東海道本線・城北,線,愛知県,清須市,-,○,2,2,2,基,2,基,-,基,-,基,-,基,-,箇所,-,箇所,○,○,○,○,○,2,○,35.19966,136.86135,00001B000000000309AAF9A597107FC0
東海旅客鉄道,枇杷島,東海道本線,線,愛知県,清須市,-,○,2,2,2,基,2,基,-,基,-,基,-,基,-,箇所,-,箇所,○,○,○,○,○,2,○,35.19966,136.86135,00001B000000000309AAF9A597107FC0
東海旅客鉄道,清洲,東海道本線,線,愛知県,稲沢市,-,○,1,1,2,基,2,基,-,基,-,基,-,基,-,箇所,-,箇所,○,○,○,○,○,1,○,35.22542,136.83452,00001B000000000309ACC9A5952D7FC0
東海旅客鉄道,稲沢,東海道本線,線,愛知県,稲沢市,-,○,1,1,1,基,1,基,1,基,-,基,-,基,-,箇所,-,箇所,○,○,○,○,○,1,○,35.25304,136.82096,00001B000000000309AEBAA594397FC0
東海旅客鉄道,尾張一宮,東海道本線,線,愛知県,一宮市,-,○,2,2,2,基,2,基,2,基,-,基,-,基,-,箇所,-,箇所,○,○,○,○,○,2,○,35.302,136.79738,00001B000000000309B22C259290FFC0
東海旅客鉄道,木曽川,東海道本線,線,愛知県,一宮市,-,○,1,1,1,基,1,基,-,基,-,基,-,基,-,箇所,-,箇所,○,○,○,○,○,1,○,35.34807,136.78117,00001B000000000309B56925916D7FC0
東海旅客鉄道,岐阜,東海道本線・高山本線,線,岐阜県,岐阜市,-,-,3,3,3,基,3,基,14,基,-,基,-,基,1,箇所,1,箇所,○,○,○,○,○,3,○,35.40954,136.75653,00001B000000000309B9BBA58FB1FFC0
東海旅客鉄道,西岐阜,東海道本線,線,岐阜県,岐阜市,-,○,1,1,1,基,1,基,-,基,-,基,-,基,1,箇所,-,箇所,○,○,○,○,○,1,○,35.40453,136.72326,00001B000000000309B961A58D5AFFC0
東海旅客鉄道,穂積,東海道本線,線,岐阜県,瑞穂市,-,○,1,1,1,基,1,基,-,基,-,基,-,基,-,箇所,-,箇所,○,○,○,○,○,1,○,35.39627,136.69364,00001B000000000309B8CCA58B45FFC0
東海旅客鉄道,大垣,東海道本線・樽見鉄道,線,岐阜県,大垣市,-,○,3,3,3,基,3,基,6,基,-,基,-,基,1,箇所,-,箇所,○,○,○,○,○,3,○,35.36709,136.61826,00001B000000000309B6BFA585F8FFC0
東海旅客鉄道,大垣,東海道本線,線,岐阜県,大垣市,-,○,3,3,3,基,3,基,6,基,-,基,-,基,1,箇所,-,箇所,○,○,○,○,○,3,○,35.36709,136.61826,00001B000000000309B6BFA585F8FFC0
東海旅客鉄道,垂井,東海道本線,線,岐阜県,不破郡,垂井町,○,2,2,2,基,2,基,1,基,1,基,-,基,-,箇所,-,箇所,○,○,○,○,○,2,○,35.36955,136.53096,00001B000000000309B6EBA57FD57FC0
東海旅客鉄道,富士宮,身延線,線,静岡県,富士宮市,-,○,1,1,1,基,1,基,-,基,-,基,-,基,1,箇所,1,箇所,○,○,○,○,○,1,○,35.22118,138.61557,00001B000000000309AC7D2612687FC0
東海旅客鉄道,松田,御殿場線,線,神奈川県,足柄上郡,松田町,○,2,2,1,基,1,基,-,基,-,基,1,基,1,箇所,1,箇所,○,○,○,○,○,2,○,35.346,139.13914,00001B000000000309B544263738FFC0
東海旅客鉄道,御殿場,御殿場線,線,静岡県,御殿場市,-,○,2,2,2,基,2,基,-,基,-,基,-,基,-,箇所,-,箇所,○,○,○,○,○,2,○,35.29995,138.93422,00001B000000000309B2072628CFFFC0
東海旅客鉄道,岩波,御殿場線,線,静岡県,裾野市,-,-,1,1,-,基,-,基,-,基,-,基,-,基,-,箇所,-,箇所,○,-,×,○,○,1,○,35.21496,138.9193,00001B000000000309AC0D2627C37FC0
東海旅客鉄道,裾野,御殿場線,線,静岡県,裾野市,-,○,1,1,2,基,2,基,-,基,-,基,-,基,-,箇所,-,箇所,○,-,×,○,○,1,○,35.17133,138.90926,00001B000000000309A8FBA6270EFFC0
東海旅客鉄道,美濃太田,高山本線・太多線,線,岐阜県,美濃加茂市,-,○,2,2,2,基,2,基,-,基,-,基,-,基,-,箇所,-,箇所,○,○,×,○,○,2,○,35.445649,137.019417,00001B000000000309BC45A5A22DFFC0
東海旅客鉄道,高山,高山本線,線,岐阜県,高山市,-,○,2,2,2,基,2,基,2,基,2,基,-,基,-,箇所,-,箇所,○,-,○,○,○,2,○,36.14069,137.2514,00001B000000000309ED2425B27D7FC0
東海旅客鉄道,中津川,中央本線,線,岐阜県,中津川市,-,○,2,2,2,基,2,基,-,基,-,基,-,基,-,箇所,-,箇所,○,○,○,○,○,2,○,35.50015,137.50281,00001B000000000309C01AA5C42AFFC0
東海旅客鉄道,恵那,中央本線,線,岐阜県,恵那市,-,○,2,2,2,基,2,基,-,基,-,基,-,基,-,箇所,-,箇所,○,○,○,○,○,2,○,35.45509,137.40779,00001B000000000309BCEFA5BD7C7FC0
東海旅客鉄道,瑞浪,中央本線,線,岐阜県,瑞浪市,-,○,2,2,2,基,2,基,2,基,-,基,-,基,1,箇所,1,箇所,○,○,○,○,○,2,○,35.36912,137.25192,00001B000000000309B6E425B286FFC0
東海旅客鉄道,土岐市,中央本線,線,岐阜県,土岐市,-,○,2,2,2,基,2,基,4,基,-,基,-,基,1,箇所,1,箇所,○,○,○,○,○,2,○,35.35976,137.18217,00001B000000000309B63BA5AD9F7FC0
東海旅客鉄道,多治見,中央本線・太多線,線,岐阜県,多治見市,-,○,3,3,3,基,3,基,6,基,6,基,-,基,-,箇所,-,箇所,○,○,○,○,○,3,○,35.335087,137.120784,00001B000000000309B47FA5A94E7FC0
東海旅客鉄道,高蔵寺,中央本線・愛知環状鉄道,線,愛知県,春日井市,-,○,3,3,3,基,3,基,4,基,-,基,-,基,-,箇所,-,箇所,○,○,○,○,○,3,○,35.26431,137.043386,00001B000000000309AF85A5A3DCFFC0
東海旅客鉄道,高蔵寺,中央本線,線,愛知県,春日井市,-,○,3,3,3,基,3,基,4,基,-,基,-,基,-,箇所,-,箇所,○,○,○,○,○,3,○,35.2644,137.04325,00001B000000000309AF8725A3DAFFC0
東海旅客鉄道,神領,中央本線,線,愛知県,春日井市,-,○,2,2,2,基,2,基,2,基,2,基,-,基,0,箇所,-,箇所,○,○,○,○,○,2,○,35.25659,137.01047,00001B000000000309AEFAA5A18C7FC0
東海旅客鉄道,春日井,中央本線,線,愛知県,春日井市,-,○,2,2,2,基,2,基,4,基,4,基,-,基,-,箇所,-,箇所,○,○,○,○,○,2,○,35.24301,136.98508,00001B000000000309AE06259FC37FC0
東海旅客鉄道,勝川,中央本線,線,愛知県,春日井市,-,○,2,2,3,基,3,基,6,基,6,基,-,基,-,箇所,-,箇所,○,○,○,○,○,2,○,35.2299,136.95646,00001B000000000309AD1A259DC07FC0
東海旅客鉄道,新守山,中央本線,線,愛知県,名古屋市,守山区,○,2,2,2,基,2,基,-,基,-,基,-,基,-,箇所,-,箇所,○,○,○,○,○,2,○,35.20626,136.95037,00001B000000000309AB70A59D52FFC0
東海旅客鉄道,大曽根,中央本線,線,愛知県,名古屋市,東区,○,1,1,1,基,1,基,1,基,-,基,1,基,-,箇所,-,箇所,○,○,○,○,○,1,○,35.18947,136.93718,00001B000000000309AA42259C657FC0
東海旅客鉄道,千種,中央本線,線,愛知県,名古屋市,千種区,○,1,1,1,基,1,基,-,基,-,基,-,基,-,箇所,-,箇所,○,○,○,○,○,1,○,35.17092,136.9311,00001B000000000309A8F4A59BF7FFC0
東海旅客鉄道,鶴舞,中央本線,線,愛知県,名古屋市,中区,○,2,2,2,基,2,基,-,基,-,基,-,基,-,箇所,-,箇所,○,○,○,○,○,2,○,35.157,136.91817,00001B000000000309A7FA259B0F7FC0
東海旅客鉄道,金山,中央本線・東海道本線,線,愛知県,名古屋市,中区,○,2,2,2,基,2,基,4,基,-,基,-,基,-,箇所,-,箇所,○,○,○,○,○,2,○,35.142926,136.901204,00001B000000000309A6FCA599DDFFC0
東海旅客鉄道,八田,関西線,線,愛知県,名古屋市,中川区,○,2,2,2,基,2,基,2,基,-,基,-,基,-,箇所,-,箇所,○,○,○,○,○,2,○,35.14882,136.85231,00001B000000000309A766A5966DFFC0
東海旅客鉄道,春田,関西線,線,愛知県,名古屋市,中川区,○,2,2,2,基,2,基,-,基,-,基,-,基,-,箇所,-,箇所,○,○,○,○,○,2,○,35.14315,136.81339,00001B000000000309A700A593B17FC0
東海旅客鉄道,蟹江,関西線,線,愛知県,海部郡,蟹江町,-,2,2,-,基,-,基,-,基,-,基,-,基,2,箇所,2,箇所,○,-,×,○,○,2,○,35.14198,136.79348,00001B000000000309A6EBA5924AFFC0
東海旅客鉄道,弥富,関西・尾西,線,愛知県,弥富市,-,-,2,2,-,基,-,基,-,基,-,基,-,基,-,箇所,-,箇所,○,-,×,○,○,2,○,35.11406,136.72584,00001B000000000309A4F5258D897FC0
東海旅客鉄道,桑名,関西線,線,三重県,桑名市,-,○,2,2,3,基,3,基,4,基,-,基,-,基,-,箇所,-,箇所,○,○,○,○,○,2,○,35.03374,136.658,00001B0000000003099F4F2588C47FC0
東海旅客鉄道,四日市,関西線,線,三重県,四日市市,-,○,1,1,2,基,2,基,-,基,-,基,1,基,1,箇所,1,箇所,○,○,○,○,○,1,○,34.94155,136.6097,00001B00000000030998D3A5855EFFC0
東海旅客鉄道,亀山,関西線・紀勢線,線,三重県,亀山市,-,○,3,3,3,基,3,基,-,基,-,基,-,基,-,箇所,-,箇所,○,○,○,○,○,3,○,34.85009,136.45052,00001B0000000003099265A57A2D7FC0
東海旅客鉄道,緒川,武豊線,線,愛知県,知多郡,東浦町,-,2,2,-,基,-,基,-,基,-,基,1,基,-,箇所,-,箇所,○,-,×,○,○,-,○,34.981714,136.971722,00001B0000000003099BA6A59ED2FFC0
東海旅客鉄道,東浦,武豊線,線,愛知県,知多郡,東浦町,○,2,2,2,基,2,基,-,基,-,基,-,基,1,箇所,-,箇所,○,○,○,○,○,2,○,34.9496,136.9707,00001B0000000003099964A59EC0FFC0
東海旅客鉄道,亀崎,武豊線,線,愛知県,半田市,-,○,1,1,2,基,2,基,-,基,-,基,-,基,-,箇所,-,箇所,○,○,○,○,○,1,○,34.91901,136.96111,00001B000000000309973E259E13FFC0
東海旅客鉄道,半田,武豊線,線,愛知県,半田市,-,-,1,1,-,基,-,基,-,基,-,基,1,基,-,箇所,-,箇所,○,-,×,○,○,-,○,34.89411,136.93043,00001B000000000309957DA59BEBFFC0
東海旅客鉄道,豊川,飯田線,線,愛知県,豊川市,-,○,2,2,2,基,2,基,-,基,-,基,-,基,-,箇所,-,箇所,○,○,×,○,○,2,○,34.82257,137.39723,00001B000000000309907625BCBE7FC0
東海旅客鉄道,津,紀勢線,線,三重県,津市,-,○,2,2,2,基,2,基,-,基,-,基,-,基,1,箇所,1,箇所,○,○,○,○,○,2,○,34.7344,136.51073,00001B0000000003098A43257E697FC0
東海旅客鉄道,松阪,紀勢線・名松線,線,三重県,松阪市,-,○,3,3,3,基,3,基,-,基,-,基,-,基,-,箇所,-,箇所,○,○,○,○,○,3,○,34.57686,136.5358,00001B0000000003097F2F25802C7FC0
東海旅客鉄道,東京（新幹線）,東海道新幹線,線,東京都,千代田区,-,○,3,3,3,基,3,基,20,基,-,基,-,基,3,箇所,3,箇所,○,○,○,○,○,3,○,35.6811,139.76811,00001B000000000309CCD3A66371FFC0
東海旅客鉄道,品川（新幹線）,東海道新幹線,線,東京都,港区,-,○,2,2,2,基,2,基,8,基,-,基,-,基,-,箇所,-,箇所,○,○,○,○,○,2,○,35.62966,139.74007,00001B000000000309C935A661797FC0
東海旅客鉄道,新横浜（新幹線）,東海道新幹線,線,神奈川県,横浜市,港北区,○,2,2,2,基,2,基,8,基,-,基,-,基,-,箇所,-,箇所,○,○,○,○,○,2,○,35.50733,139.61764,00001B000000000309C09BA658DDFFC0
東海旅客鉄道,小田原（新幹線）,東海道新幹線,線,神奈川県,小田原市,-,○,2,2,2,基,2,基,8,基,4,基,-,基,-,箇所,-,箇所,○,○,○,○,○,2,○,35.25621,139.15477,00001B000000000309AEF3A63851FFC0
東海旅客鉄道,熱海（新幹線）,東海道新幹線,線,静岡県,熱海市,-,○,2,2,3,基,3,基,6,基,2,基,-,基,1,箇所,1,箇所,○,○,○,○,○,2,○,35.1042,139.07796,00001B000000000309A443A632EB7FC0
東海旅客鉄道,新富士(新幹線）,東海道新幹線,線,静岡県,富士市,-,○,2,2,2,基,2,基,4,基,-,基,-,基,-,箇所,-,箇所,○,○,○,○,○,2,○,35.14213,138.66341,00001B000000000309A6EE2615C57FC0
東海旅客鉄道,岐阜羽島（新幹線）,東海道新幹線,線,岐阜県,羽島市,-,○,2,2,2,基,2,基,4,基,-,基,-,基,2,箇所,2,箇所,○,○,○,○,○,2,○,35.31574,136.68576,00001B000000000309B323258AB7FFC0
東海旅客鉄道,米原（新幹線）,東海道新幹線,線,滋賀県,米原市,-,○,2,2,2,基,2,基,4,基,-,基,-,基,1,箇所,1,箇所,○,○,○,○,○,2,○,35.31497,136.28954,00001B000000000309B315256EDBFFC0
東海旅客鉄道,京都（新幹線）,東海道新幹線,線,京都府,京都市,下京区,○,2,2,2,基,2,基,13,基,-,基,-,基,-,箇所,-,箇所,○,○,○,○,○,2,○,34.98462,135.75905,00001B0000000003099BDB25498EFFC0
東海旅客鉄道,新大阪駅（新幹線）,東海道新幹線,線,大阪府,大阪市,淀川区,○,5,5,5,基,5,基,21,基,4,基,-,基,-,箇所,-,箇所,○,○,○,○,○,5,○,34.73368,135.50004,00001B0000000003098A36253758FFC0
西日本旅客鉄道,長浜,北陸,線,滋賀県,長浜市,-,○,2,2,2,基,2,基,4,基,-,基,-,基,3,箇所,-,箇所,○,○,○,○,○,2,○,35.37861,136.26499,00001B000000000309B78EA56D21FFC0
西日本旅客鉄道,野々市,北陸,線,石川県,石川郡,野々市町,-,2,2,-,基,-,基,-,基,-,基,-,基,2,箇所,2,箇所,○,-,-,○,×,-,○,36.54213,136.59894,00001B00000000030A095E25849CFFC0
西日本旅客鉄道,敦賀,北陸,線,福井県,敦賀市,-,○,3,3,4,基,4,基,5,基,-,基,-,基,-,箇所,-,箇所,○,○,○,○,○,3,○,35.64481,136.07646,00001B000000000309CA46A55FE07FC0
西日本旅客鉄道,武生,北陸,線,福井県,越前市,-,○,2,2,2,基,2,基,-,基,-,基,-,基,-,箇所,-,箇所,○,○,○,○,○,2,○,35.90331,136.17098,00001B000000000309DC73A56685FFC0
西日本旅客鉄道,鯖江,北陸,線,福井県,鯖江市,-,○,2,2,2,基,2,基,-,基,-,基,1,基,1,箇所,1,箇所,-,-,○,○,○,2,○,35.94348,136.18892,00001B000000000309DF46A567C8FFC0
西日本旅客鉄道,福井,北陸,線,福井県,福井市,-,○,2,2,2,基,2,基,3,基,-,基,-,基,-,箇所,-,箇所,○,○,○,○,○,2,○,36.06149,136.22293,00001B000000000309E792A56A2CFFC0
西日本旅客鉄道,芦原温泉,北陸,線,福井県,あわら市,-,○,2,2,3,基,3,基,-,基,-,基,1,基,-,箇所,-,箇所,○,○,○,○,○,2,○,36.21541,136.2352,00001B000000000309F265256B09FFC0
西日本旅客鉄道,加賀温泉,北陸,線,石川県,加賀市,作見町,○,2,2,2,基,2,基,-,基,-,基,-,基,1,箇所,1,箇所,○,○,○,○,○,2,○,36.32057,136.35037,00001B000000000309F9CA257322FFC0
西日本旅客鉄道,小松,北陸,線,石川県,小松市,土居原町,○,2,2,2,基,2,基,3,基,-,基,-,基,-,箇所,-,箇所,○,○,○,○,○,2,○,36.40269,136.45294,00001B000000000309FF90257A58FFC0
西日本旅客鉄道,加賀笠間,北陸,線,石川県,白山市,-,-,2,2,-,基,-,基,-,基,-,基,-,基,-,箇所,-,箇所,○,-,×,○,○,-,○,36.50292,136.52738,00001B00000000030A069CA57F94FFC0
西日本旅客鉄道,松任,北陸,線,石川県,白山市,-,○,2,2,2,基,2,基,-,基,-,基,-,基,-,箇所,-,箇所,○,-,-,○,○,2,○,36.52669,136.56616,00001B00000000030A084825824EFFC0
西日本旅客鉄道,西金沢,北陸,線,石川県,金沢市,-,○,1,1,1,基,1,基,-,基,-,基,-,基,-,箇所,-,箇所,○,-,-,○,○,1,○,36.55313,136.62118,00001B00000000030A0A2425862D7FC0
西日本旅客鉄道,金沢,北陸,線,石川県,金沢市,-,○,3,3,7,基,7,基,4,基,4,基,-,基,3,箇所,3,箇所,○,○,○,○,○,3,○,36.57831,136.64778,00001B00000000030A0BE9A5880C7FC0
西日本旅客鉄道,津幡,七尾,線,石川県,河北郡,津幡町,○,2,2,3,基,3,基,-,基,-,基,-,基,1,箇所,-,箇所,○,-,○,○,○,2,○,36.65788,136.73074,00001B00000000030A1181A58DE17FC0
西日本旅客鉄道,高岡,城端,線,富山県,高岡市,-,○,4,4,4,基,4,基,4,基,4,基,-,基,-,箇所,-,箇所,○,○,○,○,○,4,○,36.7412,137.01472,00001B00000000030A175DA5A1D8FFC0
西日本旅客鉄道,彦根,東海道,線,滋賀県,彦根市,-,○,2,2,2,基,2,基,-,基,-,基,-,基,-,箇所,-,箇所,○,○,○,○,○,2,○,35.27249,136.2634,00001B000000000309B018A56D057FC0
西日本旅客鉄道,河瀬,東海道,線,滋賀県,彦根市,-,○,2,2,2,基,2,基,-,基,-,基,-,基,-,箇所,-,箇所,○,○,-,○,○,2,○,35.22539,136.22531,00001B000000000309ACC9256A57FFC0
西日本旅客鉄道,稲枝,東海道,線,滋賀県,彦根市,-,○,2,2,2,基,2,基,-,基,-,基,-,基,-,箇所,-,箇所,○,○,-,○,○,2,○,35.20333,136.19446,00001B000000000309AB3BA5682C7FC0
西日本旅客鉄道,能登川,東海道,線,滋賀県,東近江市,-,○,2,2,2,基,2,基,2,基,-,基,-,基,-,箇所,-,箇所,○,○,-,○,○,2,○,35.17996,136.16601,00001B000000000309A99725662C7FC0
西日本旅客鉄道,安土,東海道,線,滋賀県,蒲生郡,-,-,2,2,-,基,-,基,-,基,-,基,-,基,1,箇所,-,箇所,-,-,×,○,○,2,○,35.14244,136.13357,00001B000000000309A6F3A563E47FC0
西日本旅客鉄道,近江八幡,東海道,線,滋賀県,近江八幡市,-,○,2,2,2,基,2,基,4,基,-,基,-,基,1,箇所,-,箇所,○,○,○,○,○,2,○,35.12254,136.10255,00001B000000000309A58DA561B5FFC0
西日本旅客鉄道,篠原,東海道,線,滋賀県,近江八幡市,-,○,2,2,2,基,2,基,-,基,-,基,-,基,1,箇所,1,箇所,○,○,○,○,○,2,-,35.09928,136.07176,00001B000000000309A3EB255F8BFFC0
西日本旅客鉄道,野洲,東海道,線,滋賀県,野洲市,-,○,2,2,2,基,2,基,-,基,-,基,-,基,1,箇所,-,箇所,○,○,○,○,○,2,○,35.06844,136.02239,00001B000000000309A1BFA55C137FC0
西日本旅客鉄道,守山,東海道,線,滋賀県,守山市,-,○,2,2,2,基,2,基,-,基,-,基,-,基,2,箇所,-,箇所,○,○,○,○,○,2,○,35.05069,135.99616,00001B000000000309A080255A3AFFC0
西日本旅客鉄道,草津,東海道,線,滋賀県,草津市,-,○,3,3,3,基,3,基,6,基,-,基,-,基,1,箇所,1,箇所,○,○,○,○,○,3,○,35.02296,135.96275,00001B0000000003099E8D2557E1FFC0
西日本旅客鉄道,瀬田,東海道,線,滋賀県,大津市,-,○,2,2,2,基,2,基,4,基,-,基,-,基,-,箇所,-,箇所,○,○,○,○,○,2,○,34.98729,135.92584,00001B0000000003099C0B2555497FC0
西日本旅客鉄道,石山,東海道,線,滋賀県,大津市,-,○,2,2,2,基,2,基,4,基,-,基,-,基,-,箇所,-,箇所,○,○,○,○,○,2,○,34.98007,135.89879,00001B0000000003099B892553627FC0
西日本旅客鉄道,膳所,東海道,線,滋賀県,大津市,-,○,2,2,3,基,3,基,-,基,-,基,-,基,-,箇所,-,箇所,○,○,×,○,×,2,○,34.99935,135.88063,00001B0000000003099CE425521B7FC0
西日本旅客鉄道,大津,東海道,線,滋賀県,大津市,-,○,2,2,2,基,2,基,-,基,-,基,-,基,1,箇所,1,箇所,○,○,○,○,○,2,○,35.00301,135.86506,00001B0000000003099D262551037FC0
西日本旅客鉄道,山科,東海道,線,京都府,京都市,山科区,○,2,2,3,基,3,基,4,基,-,基,-,基,1,箇所,1,箇所,○,○,○,○,○,2,○,34.9926,135.81658,00001B0000000003099C6AA54D9A7FC0
西日本旅客鉄道,京都,東海道,線,京都府,京都市,下京区,○,9,9,7,基,7,基,23,基,-,基,-,基,1,箇所,1,箇所,○,○,○,○,○,9,○,34.98573,135.75852,00001B0000000003099BEF2549857FC0
西日本旅客鉄道,西大路,東海道,線,京都府,京都市,南区唐橋平垣町,-,2,2,-,基,-,基,-,基,-,基,-,基,-,箇所,-,箇所,○,○,×,○,○,2,○,34.98106,135.73163,00001B0000000003099B9B2547A17FC0
西日本旅客鉄道,向日町,東海道,線,京都府,向日市,寺戸町久々相,○,2,2,3,基,3,基,-,基,-,基,1,基,-,箇所,-,箇所,○,○,○,○,×,2,○,34.95486,135.70977,00001B00000000030999C3254617FFC0
西日本旅客鉄道,長岡京,東海道,線,京都府,長岡京市神足,-,○,2,2,2,基,2,基,-,基,-,基,-,基,2,箇所,2,箇所,○,○,○,○,○,2,○,34.9235,135.7009,00001B000000000309978F2545787FC0
西日本旅客鉄道,山崎,東海道,線,京都府,乙訓郡,大山崎町西谷,-,2,2,-,基,-,基,-,基,-,基,1,基,-,箇所,-,箇所,○,-,×,○,○,2,○,34.89224,135.67925,00001B000000000309955C2543F2FFC0
西日本旅客鉄道,高槻,東海道,線,大阪府,高槻市,-,○,4,4,2,基,2,基,4,基,-,基,-,基,1,箇所,1,箇所,○,○,○,○,○,4,○,34.85124,135.61711,00001B000000000309927A253F93FFC0
西日本旅客鉄道,摂津富田,東海道,線,大阪府,高槻市,-,○,2,2,2,基,2,基,4,基,-,基,-,基,2,箇所,-,箇所,○,○,○,○,×,2,○,34.83768,135.59333,00001B0000000003099186253DE7FFC0
西日本旅客鉄道,茨木,東海道,線,大阪府,茨木市,-,○,2,2,2,基,2,基,-,基,-,基,-,基,2,箇所,-,箇所,○,○,○,○,×,2,○,34.81512,135.56208,00001B0000000003098FF0253BB57FC0
西日本旅客鉄道,千里丘,東海道,線,大阪府,摂津市,-,○,2,2,2,基,2,基,4,基,-,基,-,基,2,箇所,2,箇所,○,○,○,○,○,2,○,34.79149,135.55145,00001B0000000003098E46A53AF67FC0
西日本旅客鉄道,岸辺,東海道,線,大阪府,吹田市,-,○,2,2,2,基,2,基,4,基,4,基,-,基,-,箇所,-,箇所,○,○,○,○,○,2,○,34.77694,135.54133,00001B0000000003098D40A53A3FFFC0
西日本旅客鉄道,吹田,東海道,線,大阪府,吹田市,-,○,2,2,2,基,2,基,6,基,-,基,-,基,2,箇所,-,箇所,○,○,○,○,○,2,○,34.76322,135.52377,00001B0000000003098C49A53903FFC0
西日本旅客鉄道,東淀川,東海道,線,大阪府,大阪市,淀川区,○,2,2,3,基,3,基,-,基,-,基,-,基,-,箇所,-,箇所,○,-,○,○,○,2,○,34.73921,135.504,00001B0000000003098A99A537A07FC0
西日本旅客鉄道,大阪,東海道,線,大阪府,大阪市,北区,○,6,6,14,基,6,基,45,基,-,基,-,基,-,箇所,-,箇所,○,○,○,○,○,6,○,34.70233,135.49509,00001B0000000003098801A536FFFFC0
西日本旅客鉄道,塚本,東海道,線,大阪府,大阪市,淀川区,○,2,2,2,基,2,基,-,基,-,基,-,基,1,箇所,1,箇所,○,○,○,○,○,2,○,34.71274,135.46889,00001B00000000030988BD2535287FC0
西日本旅客鉄道,尼崎,東海道,線,兵庫県,尼崎市,-,○,4,4,6,基,4,基,12,基,8,基,-,基,-,箇所,-,箇所,○,○,○,○,○,4,○,34.73186,135.43178,00001B0000000003098A1525328C7FC0
西日本旅客鉄道,立花,東海道,線,兵庫県,尼崎市,-,○,2,2,2,基,2,基,-,基,-,基,-,基,2,箇所,2,箇所,○,○,○,○,×,2,○,34.73788,135.3996,00001B0000000003098A81A53048FFC0
西日本旅客鉄道,甲子園口,東海道,線,兵庫県,西宮市,-,○,2,2,2,基,2,基,-,基,-,基,-,基,-,箇所,-,箇所,○,○,○,○,○,2,○,34.73906,135.37439,00001B0000000003098A97252E837FC0
西日本旅客鉄道,西宮,東海道,線,兵庫県,西宮市,-,○,2,2,2,基,2,基,2,基,-,基,-,基,2,箇所,2,箇所,○,○,○,○,○,2,○,34.73901,135.34878,00001B0000000003098A96252CB67FC0
西日本旅客鉄道,芦屋,東海道,線,兵庫県,芦屋市,-,○,2,2,2,基,2,基,-,基,-,基,-,基,-,箇所,-,箇所,○,○,○,○,○,2,○,34.73427,135.30741,00001B0000000003098A40A529CD7FC0
西日本旅客鉄道,摂津本山,東海道,線,兵庫県,神戸市,-,○,2,2,2,基,2,基,4,基,-,基,1,基,-,箇所,-,箇所,○,○,○,○,○,2,○,34.7268,135.27757,00001B00000000030989BA2527B47FC0
西日本旅客鉄道,住吉,東海道,線,兵庫県,神戸市,-,○,2,2,2,基,2,基,2,基,-,基,-,基,1,箇所,1,箇所,○,○,○,○,○,2,○,34.71974,135.26259,00001B000000000309893B2526A6FFC0
西日本旅客鉄道,六甲道,東海道,線,兵庫県,神戸市,-,○,2,2,2,基,2,基,-,基,-,基,-,基,1,箇所,1,箇所,○,○,○,○,×,2,○,34.7148,135.23841,00001B00000000030988E22524F37FC0
西日本旅客鉄道,摩耶,東海道,線,兵庫県,神戸市,-,○,1,1,1,基,1,基,1,基,-,基,-,基,-,箇所,-,箇所,○,○,○,○,○,1,○,34.708652,135.22508,00001B0000000003098873A524037FC0
西日本旅客鉄道,灘,東海道,線,兵庫県,神戸市,-,○,2,2,2,基,2,基,4,基,4,基,-,基,-,箇所,-,箇所,○,○,○,○,○,2,○,34.70587,135.21655,00001B0000000003098841A52369FFC0
西日本旅客鉄道,三ノ宮,東海道,線,兵庫県,神戸市,-,○,2,2,2,基,2,基,14,基,-,基,-,基,3,箇所,1,箇所,○,○,○,○,○,2,○,34.69479,135.19504,00001B000000000309877A2521E6FFC0
西日本旅客鉄道,元町,東海道,線,兵庫県,神戸市,-,○,2,2,2,基,2,基,-,基,-,基,-,基,1,箇所,1,箇所,○,○,○,○,×,2,○,34.68955,135.18735,00001B000000000309871BA5215C7FC0
西日本旅客鉄道,神戸,東海道,線,兵庫県,神戸市,-,-,3,3,2,基,2,基,6,基,-,基,-,基,-,箇所,-,箇所,○,○,○,○,○,3,○,34.67922,135.17822,00001B0000000003098661A520B7FFC0
西日本旅客鉄道,南彦根,東海道,線,滋賀県,彦根市,-,○,2,2,2,基,2,基,-,基,-,基,-,基,1,箇所,-,箇所,○,○,○,○,○,2,○,35.24608,136.24802,00001B000000000309AE3D256BF07FC0
西日本旅客鉄道,米原,東海道,線,滋賀県,米原市,-,○,3,3,3,基,3,基,4,基,-,基,-,基,-,箇所,-,箇所,○,○,○,○,○,3,○,35.31387,136.2895,00001B000000000309B301A56EDB7FC0
西日本旅客鉄道,栗東,東海道,線,滋賀県,栗東市,-,-,2,2,-,基,-,基,2,基,-,基,-,基,-,箇所,-,箇所,○,-,○,○,○,2,○,35.03748,135.98011,00001B0000000003099F92A55919FFC0
西日本旅客鉄道,南草津,東海道,線,滋賀県,草津市,-,○,2,2,2,基,2,基,2,基,-,基,-,基,-,箇所,-,箇所,○,○,○,○,×,2,○,35.0037,135.94726,00001B0000000003099D32A556CAFFC0
西日本旅客鉄道,甲南山手,東海道,線,兵庫県,神戸市,-,○,1,1,1,基,1,基,1,基,-,基,-,基,-,箇所,-,箇所,○,○,○,○,○,1,○,34.73063,135.29261,00001B00000000030989FF2528C2FFC0
西日本旅客鉄道,さくら夙川,東海道,線,兵庫県,西宮市,-,○,1,1,1,基,1,基,1,基,-,基,-,基,-,箇所,-,箇所,○,○,○,○,○,1,○,34.73903,135.33108,00001B0000000003098A96A52B777FC0
西日本旅客鉄道,島本,東海道,線,大阪府,三島郡,-,○,1,1,1,基,1,基,1,基,-,基,-,基,-,箇所,-,箇所,○,○,○,○,○,1,○,34.88039,135.66251,00001B00000000030994872542C57FC0
西日本旅客鉄道,桂川,東海道,線,京都府,京都市,南区久世高田町,○,1,1,1,基,1,基,1,基,-,基,-,基,-,箇所,-,箇所,○,○,○,○,○,1,○,34.96465,135.71035,00001B0000000003099A73A546227FC0
西日本旅客鉄道,新大阪,東海道,線,大阪府,大阪市,淀川区,○,4,4,6,基,6,基,18,基,8,基,-,基,-,箇所,-,箇所,○,○,○,○,○,4,○,34.73404,135.50199,00001B0000000003098A3CA5377BFFC0
西日本旅客鉄道,新神戸,山陽新幹,線,兵庫県,神戸市,-,○,2,2,5,基,3,基,6,基,-,基,-,基,-,箇所,-,箇所,○,○,○,○,×,2,○,34.70718,135.19687,00001B0000000003098859252207FFC0
西日本旅客鉄道,野里,播但,線,兵庫県,姫路市,-,○,1,1,1,基,1,基,-,基,-,基,-,基,-,箇所,-,箇所,○,-,○,○,○,1,○,34.85619,134.71133,00001B00000000030992D324FFE3FFC0
西日本旅客鉄道,塚口,福知山,線,兵庫県,尼崎市,-,○,2,2,2,基,2,基,-,基,-,基,-,基,1,箇所,-,箇所,○,○,○,○,○,2,○,34.75083,135.42512,00001B0000000003098B6AA532147FC0
西日本旅客鉄道,伊丹,福知山,線,兵庫県,伊丹市,-,○,2,2,2,基,2,基,4,基,-,基,-,基,-,箇所,-,箇所,○,○,○,○,○,2,○,34.78061,135.42178,00001B0000000003098D82A531D87FC0
西日本旅客鉄道,北伊丹,福知山,線,兵庫県,伊丹市,-,○,1,1,2,基,2,基,-,基,-,基,-,基,-,箇所,-,箇所,○,-,○,○,○,1,○,34.80082,135.41954,00001B0000000003098EEEA531AFFFC0
西日本旅客鉄道,川西池田,福知山,線,兵庫県,川西市,-,○,2,2,2,基,2,基,6,基,-,基,-,基,-,箇所,-,箇所,○,-,○,○,○,2,○,34.82489,135.40981,00001B00000000030990A0253100FFC0
西日本旅客鉄道,中山寺,福知山,線,兵庫県,宝塚市,-,○,2,2,2,基,2,基,4,基,-,基,-,基,-,箇所,-,箇所,○,-,○,○,○,2,○,34.8166,135.37401,00001B000000000309900AA52E7C7FC0
西日本旅客鉄道,宝塚,福知山,線,兵庫県,宝塚市,-,○,2,2,2,基,2,基,2,基,2,基,-,基,1,箇所,1,箇所,○,○,○,○,○,2,○,34.81135,135.34085,00001B0000000003098FAC252C277FC0
西日本旅客鉄道,生瀬,福知山,線,兵庫県,西宮市,-,○,2,2,2,基,2,基,-,基,-,基,-,基,-,箇所,-,箇所,○,○,○,○,○,2,○,34.81934,135.32532,00001B000000000309903C252B0FFFC0
西日本旅客鉄道,三田,福知山,線,兵庫県,三田市,-,○,2,2,2,基,2,基,4,基,-,基,-,基,-,箇所,-,箇所,○,○,○,○,○,2,○,34.88869,135.22992,00001B000000000309951C25245AFFC0
西日本旅客鉄道,猪名寺,福知山,線,兵庫県,尼崎市,-,○,2,2,4,基,4,基,-,基,-,基,-,基,2,箇所,2,箇所,○,○,○,○,○,2,○,34.764,135.42262,00001B0000000003098C582531E77FC0
西日本旅客鉄道,西宮名塩,福知山,線,兵庫県,西宮市,-,○,2,2,2,基,2,基,3,基,-,基,-,基,-,箇所,-,箇所,○,○,○,○,○,2,○,34.82723,135.30889,00001B00000000030990CA2529E87FC0
西日本旅客鉄道,新三田,福知山,線,兵庫県,三田市,-,○,2,2,3,基,3,基,-,基,-,基,-,基,-,箇所,-,箇所,○,○,○,○,○,2,○,34.91014,135.20862,00001B000000000309969EA522DB7FC0
西日本旅客鉄道,福島,大阪環状,線,大阪府,大阪市,福島区,○,1,1,1,基,1,基,-,基,-,基,-,基,-,箇所,-,箇所,○,○,○,○,○,1,○,34.69718,135.48658,00001B00000000030987A52536667FC0
西日本旅客鉄道,野田,大阪環状,線,大阪府,大阪市,福島区,○,1,1,1,基,1,基,-,基,-,基,-,基,-,箇所,-,箇所,○,○,○,○,○,1,○,34.68894,135.47493,00001B0000000003098710A53594FFC0
西日本旅客鉄道,西九条,大阪環状,線,大阪府,大阪市,此花区,○,2,2,3,基,3,基,2,基,-,基,-,基,-,箇所,-,箇所,○,○,○,○,○,2,○,34.68279,135.46695,00001B00000000030986A22535057FC0
西日本旅客鉄道,寺田町,大阪環状,線,大阪府,大阪市,天王寺区,○,2,2,2,基,2,基,-,基,-,基,-,基,-,箇所,-,箇所,○,○,○,○,○,2,○,34.64794,135.5236,00001B000000000309842EA53900FFC0
西日本旅客鉄道,桃谷,大阪環状,線,大阪府,大阪市,天王寺区,○,2,2,3,基,3,基,-,基,-,基,-,基,-,箇所,-,箇所,○,○,○,○,○,2,○,34.65853,135.528,00001B00000000030984EDA539507FC0
西日本旅客鉄道,鶴橋,大阪環状,線,大阪府,大阪市,天王寺区,○,2,2,2,基,2,基,-,基,-,基,-,基,-,箇所,-,箇所,○,○,○,○,○,2,○,34.66575,135.53037,00001B000000000309856FA5397AFFC0
西日本旅客鉄道,玉造,大阪環状,線,大阪府,大阪市,天王寺区,○,2,2,2,基,2,基,-,基,-,基,-,基,-,箇所,-,箇所,○,○,○,○,○,2,○,34.67352,135.53287,00001B00000000030985FB2539A7FFC0
西日本旅客鉄道,森ノ宮,大阪環状,線,大阪府,大阪市,中央区,○,2,2,2,基,2,基,-,基,-,基,-,基,-,箇所,-,箇所,○,○,○,○,○,2,○,34.68046,135.53403,00001B00000000030986782539BCFFC0
西日本旅客鉄道,京橋,大阪環状,線,大阪府,大阪市,城東区,○,4,4,5,基,5,基,4,基,-,基,1,基,-,箇所,-,箇所,○,○,×,○,○,4,○,34.69677,135.53395,00001B000000000309879DA539BB7FC0
西日本旅客鉄道,桜ノ宮,大阪環状,線,大阪府,大阪市,都島区,○,2,2,2,基,2,基,-,基,-,基,-,基,1,箇所,-,箇所,○,○,○,○,○,2,○,34.70504,135.52095,00001B0000000003098832A538D17FC0
西日本旅客鉄道,天満,大阪環状,線,大阪府,大阪市,北区,○,2,2,2,基,2,基,-,基,-,基,-,基,-,箇所,-,箇所,○,○,○,○,○,2,○,34.70494,135.51237,00001B0000000003098830A53836FFC0
西日本旅客鉄道,大阪城公園,大阪環状,線,大阪府,大阪市,中央区,○,2,2,2,基,2,基,-,基,-,基,-,基,1,箇所,1,箇所,○,○,○,○,○,2,○,34.68784,135.53438,00001B00000000030986FD2539C2FFC0
西日本旅客鉄道,兵庫,山陽,線,兵庫県,神戸市,-,○,3,3,3,基,3,基,-,基,-,基,-,基,1,箇所,1,箇所,○,○,○,○,○,3,○,34.66808,135.16463,00001B0000000003098599251FC37FC0
西日本旅客鉄道,新長田,山陽,線,兵庫県,神戸市,-,○,2,2,3,基,3,基,3,基,-,基,-,基,2,箇所,2,箇所,○,○,○,○,×,2,○,34.6578,135.14579,00001B00000000030984E0251E707FC0
西日本旅客鉄道,鷹取,山陽,線,兵庫県,神戸市,-,○,1,1,1,基,1,基,1,基,-,基,-,基,1,箇所,1,箇所,○,○,○,○,○,1,○,34.65185,135.13557,00001B0000000003098475251DB87FC0
西日本旅客鉄道,須磨,山陽,線,兵庫県,神戸市,-,○,2,2,3,基,3,基,-,基,-,基,-,基,-,箇所,-,箇所,○,○,○,○,○,2,○,34.64227,135.11265,00001B00000000030983C8A51C1BFFC0
西日本旅客鉄道,塩屋,山陽,線,兵庫県,神戸市,-,○,2,2,3,基,3,基,-,基,-,基,-,基,-,箇所,-,箇所,○,○,○,○,○,2,○,34.63375,135.08336,00001B000000000309832FA51A0C7FC0
西日本旅客鉄道,垂水,山陽,線,兵庫県,神戸市,-,○,1,1,1,基,1,基,-,基,-,基,-,基,-,箇所,-,箇所,○,○,○,○,○,1,○,34.62909,135.05386,00001B00000000030982DBA517F97FC0
西日本旅客鉄道,舞子,山陽,線,兵庫県,神戸市,-,○,1,1,1,基,1,基,-,基,-,基,-,基,-,箇所,-,箇所,○,-,○,○,○,1,○,34.63325,135.03424,00001B0000000003098326A516987FC0
西日本旅客鉄道,明石,山陽,線,兵庫県,明石市,-,○,2,2,2,基,2,基,2,基,-,基,-,基,-,箇所,-,箇所,○,○,○,○,○,2,○,34.64909,134.99268,00001B0000000003098443A513AC7FC0
西日本旅客鉄道,西明石,山陽,線,兵庫県,明石市,-,○,5,5,5,基,5,基,4,基,-,基,1,基,1,箇所,1,箇所,○,○,○,○,○,5,○,34.66736,134.95821,00001B000000000309858C25113FFFC0
西日本旅客鉄道,大久保,山陽,線,兵庫県,明石市,-,○,2,2,2,基,2,基,2,基,-,基,-,基,1,箇所,1,箇所,○,○,○,○,○,2,○,34.68198,134.93918,00001B0000000003098693A50FE97FC0
西日本旅客鉄道,魚住,山陽,線,兵庫県,明石市,-,○,2,2,2,基,2,基,2,基,2,基,-,基,-,箇所,-,箇所,○,○,○,○,○,2,○,34.69644,134.90611,00001B0000000003098797A50D95FFC0
西日本旅客鉄道,土山,山陽,線,兵庫県,-,播磨町,○,2,2,2,基,2,基,2,基,-,基,-,基,-,箇所,-,箇所,○,○,○,○,○,2,○,34.72032,134.88902,00001B0000000003098945A50C627FC0
西日本旅客鉄道,東加古川,山陽,線,兵庫県,加古川市,-,○,2,2,2,基,2,基,2,基,2,基,-,基,-,箇所,-,箇所,○,○,○,○,○,2,○,34.74569,134.86927,00001B0000000003098B0E250AFEFFC0
西日本旅客鉄道,加古川,山陽,線,兵庫県,加古川市,-,○,3,3,3,基,3,基,6,基,-,基,-,基,2,箇所,2,箇所,○,○,○,○,○,3,○,34.76756,134.83952,00001B0000000003098C982508E77FC0
西日本旅客鉄道,宝殿,山陽,線,兵庫県,高砂市,-,○,2,2,2,基,2,基,-,基,-,基,-,基,1,箇所,1,箇所,○,○,○,○,×,2,○,34.78477,134.81218,00001B0000000003098DCDA506FB7FC0
西日本旅客鉄道,曽根,山陽,線,兵庫県,高砂市,-,○,2,2,2,基,2,基,-,基,-,基,-,基,1,箇所,1,箇所,○,○,○,○,○,2,○,34.79324,134.76987,00001B0000000003098E66250401FFC0
西日本旅客鉄道,御着,山陽,線,兵庫県,姫路市,-,○,2,2,2,基,2,基,-,基,-,基,-,基,1,箇所,1,箇所,○,○,○,○,×,2,○,34.81701,134.73533,00001B0000000003099012250193FFC0
西日本旅客鉄道,姫路,山陽,線,兵庫県,姫路市,-,○,5,5,6,基,6,基,12,基,4,基,-,基,-,箇所,-,箇所,○,○,○,○,○,5,○,34.82674,134.69075,00001B00000000030990C124FE71FFC0
西日本旅客鉄道,英賀保,山陽,線,兵庫県,姫路市,-,○,2,2,2,基,2,基,-,基,-,基,-,基,-,箇所,-,箇所,○,○,○,○,×,2,○,34.81336,134.64478,00001B0000000003098FD024FB367FC0
西日本旅客鉄道,網干,山陽,線,兵庫県,姫路市,-,○,2,2,2,基,2,基,-,基,-,基,-,基,-,箇所,-,箇所,○,○,○,○,○,2,○,34.81425,134.58476,00001B0000000003098FE0A4F6FDFFC0
西日本旅客鉄道,竜野,山陽,線,兵庫県,たつの市,-,○,2,2,2,基,2,基,-,基,-,基,-,基,1,箇所,1,箇所,○,○,○,○,○,2,○,34.82546,134.52196,00001B00000000030990AA24F2937FC0
西日本旅客鉄道,相生,山陽,線,兵庫県,相生市,-,○,4,4,4,基,4,基,2,基,-,基,-,基,1,箇所,1,箇所,○,○,○,○,○,4,○,34.81798,134.47363,00001B0000000003099023A4EF2D7FC0
西日本旅客鉄道,上郡,山陽,線,兵庫県,-,上郡町,○,2,2,2,基,2,基,-,基,-,基,-,基,1,箇所,1,箇所,○,○,○,○,○,2,○,34.86608,134.35356,00001B000000000309938524E6BC7FC0
西日本旅客鉄道,朝霧,山陽,線,兵庫県,明石市,-,○,1,1,1,基,1,基,1,基,-,基,-,基,-,箇所,-,箇所,○,○,○,○,○,1,○,34.64424,135.01748,00001B00000000030983EC25156AFFC0
西日本旅客鉄道,ひめじ別所,山陽,線,兵庫県,姫路市,-,○,2,2,2,基,2,基,-,基,-,基,-,基,-,箇所,-,箇所,○,○,-,○,○,2,○,34.80556,134.75297,00001B0000000003098F442502D17FC0
西日本旅客鉄道,須磨海浜公園,山陽,線,兵庫県,神戸市,須磨区,○,1,1,1,基,1,基,1,基,1,基,-,基,-,箇所,-,箇所,○,○,○,○,○,1,○,34.64716,135.12661,00001B0000000003098420A51D16FFC0
西日本旅客鉄道,はりま勝原,山陽,線,兵庫県,姫路市,勝原区,○,2,2,2,基,2,基,-,基,-,基,-,基,-,箇所,-,箇所,○,○,○,○,○,2,○,34.81016,134.61452,00001B0000000003098F96A4F9157FC0
西日本旅客鉄道,和田岬,山陽,線,兵庫県,神戸市,-,○,1,1,-,基,-,基,-,基,-,基,-,基,1,箇所,-,箇所,○,-,-,-,×,-,○,34.6575,135.17376,00001B00000000030984DB252067FFC0
西日本旅客鉄道,丹波口,山陰,線,京都府,京都市,-,○,1,1,1,基,1,基,-,基,-,基,-,基,-,箇所,-,箇所,○,○,○,○,○,1,○,34.99655,135.74227,00001B0000000003099CB1A54860FFC0
西日本旅客鉄道,二条,山陰,線,京都府,京都市,-,○,1,1,1,基,1,基,1,基,-,基,-,基,-,箇所,-,箇所,○,○,○,○,○,1,○,35.01116,135.74176,00001B0000000003099DB8A54857FFC0
西日本旅客鉄道,花園,山陰,線,京都府,京都市,-,○,1,1,1,基,1,基,1,基,-,基,-,基,1,箇所,1,箇所,○,○,○,○,○,1,○,35.01859,135.7179,00001B0000000003099E3EA546AA7FC0
西日本旅客鉄道,嵯峨嵐山,山陰,線,京都府,京都市,-,○,2,2,2,基,2,基,2,基,-,基,-,基,-,箇所,-,箇所,○,○,○,○,○,2,○,35.01879,135.68131,00001B0000000003099E42254417FFC0
西日本旅客鉄道,太秦,山陰,線,京都府,京都市,-,○,2,2,2,基,2,基,-,基,-,基,-,基,-,箇所,-,箇所,○,○,○,○,○,2,○,35.01696,135.70063,00001B0000000003099E212545737FC0
西日本旅客鉄道,円町,山陰,線,京都府,京都市,-,○,1,1,1,基,1,基,1,基,-,基,-,基,-,箇所,-,箇所,○,○,○,○,○,1,○,35.01814,135.7307,00001B0000000003099E36A54790FFC0
西日本旅客鉄道,祝園,片町,線,京都府,相楽郡,精華町,-,2,2,-,基,-,基,-,基,-,基,-,基,2,箇所,-,箇所,○,-,×,○,×,2,○,34.76019,135.79203,00001B0000000003098C13254BE0FFC0
西日本旅客鉄道,京田辺,片町,線,京都府,京田辺市,-,○,2,2,2,基,2,基,2,基,-,基,-,基,-,箇所,-,箇所,○,○,○,○,○,2,○,34.82171,135.76836,00001B0000000003099066A54A367FC0
西日本旅客鉄道,大住,片町,線,京都府,京田辺市,-,-,2,2,-,基,-,基,-,基,-,基,-,基,1,箇所,-,箇所,○,-,○,○,×,2,○,34.8308,135.7499,00001B000000000309910A2548EA7FC0
西日本旅客鉄道,長尾,片町,線,大阪府,枚方市,-,○,1,1,1,基,1,基,2,基,-,基,-,基,-,箇所,-,箇所,○,○,○,○,○,1,○,34.82596,135.71302,00001B00000000030990B32546527FC0
西日本旅客鉄道,津田,片町,線,大阪府,枚方市,-,○,2,2,2,基,2,基,-,基,-,基,1,基,-,箇所,-,箇所,○,○,○,○,○,2,○,34.80141,135.69798,00001B0000000003098EF9254543FFC0
西日本旅客鉄道,河内磐船,片町,線,大阪府,交野市,-,○,2,2,2,基,2,基,-,基,-,基,-,基,-,箇所,-,箇所,○,-,○,○,○,2,○,34.77652,135.68465,00001B0000000003098D39254453FFC0
西日本旅客鉄道,星田,片町,線,大阪府,交野市,-,○,2,2,2,基,2,基,-,基,-,基,1,基,-,箇所,-,箇所,○,○,○,○,○,2,○,34.76735,135.66345,00001B0000000003098C942542D67FC0
西日本旅客鉄道,忍ヶ丘,片町,線,大阪府,四条畷市,-,○,2,2,2,基,2,基,-,基,-,基,-,基,-,箇所,-,箇所,○,○,○,○,○,2,○,34.74565,135.64515,00001B0000000003098B0DA5418CFFC0
西日本旅客鉄道,四条畷,片町,線,大阪府,大東市,-,○,2,2,2,基,2,基,4,基,-,基,-,基,-,箇所,-,箇所,○,○,○,○,○,2,○,34.7304,135.63924,00001B00000000030989FB2541227FC0
西日本旅客鉄道,野崎,片町,線,大阪府,大東市,-,○,2,2,2,基,2,基,-,基,-,基,-,基,1,箇所,1,箇所,○,○,○,○,○,2,○,34.71845,135.63702,00001B00000000030989242540FA7FC0
西日本旅客鉄道,住道,片町,線,大阪府,大東市,-,○,2,2,2,基,2,基,2,基,-,基,-,基,-,箇所,-,箇所,○,○,○,○,○,2,○,34.70628,135.62143,00001B0000000003098849253FE1FFC0
西日本旅客鉄道,鴻池新田,片町,線,大阪府,東大阪市,-,○,2,2,2,基,2,基,-,基,-,基,-,基,-,箇所,-,箇所,○,○,○,○,○,2,○,34.69886,135.59765,00001B00000000030987C3253E35FFC0
西日本旅客鉄道,徳庵,片町,線,大阪府,東大阪市,-,○,2,2,3,基,3,基,-,基,-,基,-,基,-,箇所,-,箇所,○,-,○,○,○,2,○,34.69249,135.58142,00001B0000000003098750A53D11FFC0
西日本旅客鉄道,放出,片町,線,大阪府,大阪市,鶴見区,○,2,2,2,基,2,基,2,基,-,基,-,基,-,箇所,-,箇所,○,-,○,○,○,2,○,34.68812,135.5633,00001B0000000003098702253BCB7FC0
西日本旅客鉄道,鴫野,片町,線,大阪府,大阪市,城東区,○,2,2,2,基,2,基,-,基,-,基,1,基,-,箇所,-,箇所,○,○,×,○,○,2,○,34.69286,135.54503,00001B0000000003098757253A82FFC0
西日本旅客鉄道,藤阪,片町,線,大阪府,枚方市,-,○,1,1,1,基,1,基,-,基,-,基,-,基,-,箇所,-,箇所,○,○,○,○,○,1,○,34.81444,135.70275,00001B0000000003098FE3A54599FFC0
西日本旅客鉄道,東寝屋川,片町,線,大阪府,寝屋川市,-,○,1,1,2,基,2,基,-,基,-,基,-,基,-,箇所,-,箇所,○,○,○,○,○,1,○,34.7555,135.65335,00001B0000000003098BBF2542207FC0
西日本旅客鉄道,同志社前,片町,線,京都府,京田辺市,-,○,1,1,-,基,-,基,-,基,-,基,-,基,-,箇所,-,箇所,○,○,○,○,○,1,○,34.80555,135.77842,00001B0000000003098F43A54AEBFFC0
西日本旅客鉄道,松井山手,片町,線,京都府,京田辺市,-,○,2,2,2,基,2,基,-,基,-,基,-,基,1,箇所,1,箇所,○,-,○,○,○,2,○,34.83319,135.72757,00001B00000000030991352547587FC0
西日本旅客鉄道,播磨高岡,姫新,線,兵庫県,姫路市,-,-,2,2,-,基,-,基,-,基,-,基,-,基,-,箇所,-,箇所,-,-,×,○,○,-,○,34.84195,134.65872,00001B00000000030991D324FC30FFC0
西日本旅客鉄道,余部,姫新,線,兵庫県,姫路市,-,○,2,2,-,基,-,基,-,基,-,基,-,基,2,箇所,2,箇所,-,-,○,○,○,2,○,34.85625,134.64275,00001B00000000030992D4A4FB11FFC0
西日本旅客鉄道,本竜野,姫新,線,兵庫県,たつの市,-,○,2,2,-,基,-,基,-,基,-,基,-,基,2,箇所,-,箇所,-,○,×,○,○,2,○,34.86268,134.55534,00001B000000000309934824F4EC7FC0
西日本旅客鉄道,播州赤穂,赤穂,線,兵庫県,赤穂市,-,○,2,2,2,基,2,基,-,基,-,基,-,基,-,箇所,-,箇所,○,-,-,○,○,2,○,34.75663,134.39305,00001B0000000003098BD324E982FFC0
西日本旅客鉄道,大津京,湖西,線,滋賀県,大津市,-,○,2,2,3,基,2,基,1,基,-,基,-,基,2,箇所,2,箇所,○,○,○,○,○,2,○,35.02442,135.85725,00001B0000000003099EA7A55076FFC0
西日本旅客鉄道,唐崎,湖西,線,滋賀県,大津市,-,○,1,1,1,基,1,基,-,基,-,基,-,基,1,箇所,1,箇所,○,○,○,○,○,1,○,35.0498,135.86696,00001B000000000309A0702551257FC0
西日本旅客鉄道,比叡山坂本,湖西,線,滋賀県,大津市,-,○,1,1,1,基,1,基,-,基,-,基,-,基,-,箇所,-,箇所,○,○,○,○,○,1,○,35.07078,135.8784,00001B000000000309A1EA2551F37FC0
西日本旅客鉄道,おごと温泉,湖西,線,滋賀県,大津市,-,○,2,2,2,基,2,基,-,基,-,基,-,基,1,箇所,1,箇所,○,○,○,○,○,2,○,35.09693,135.8946,00001B000000000309A3C0A55316FFC0
西日本旅客鉄道,堅田,湖西,線,滋賀県,大津市,-,○,2,2,2,基,2,基,-,基,-,基,-,基,-,箇所,-,箇所,○,○,○,○,○,2,○,35.12102,135.9151,00001B000000000309A572255487FFC0
西日本旅客鉄道,和邇,湖西,線,滋賀県,大津市,-,○,2,2,2,基,2,基,-,基,-,基,-,基,-,箇所,-,箇所,○,○,○,○,○,2,○,35.16155,135.9224,00001B000000000309A84BA5550B7FC0
西日本旅客鉄道,比良,湖西,線,滋賀県,大津市,-,-,1,1,-,基,-,基,-,基,-,基,-,基,-,箇所,-,箇所,-,-,×,○,○,1,○,35.219899,135.944172,00001B000000000309AC662556937FC0
西日本旅客鉄道,安曇川,湖西,線,滋賀県,高島市,-,○,2,2,2,基,2,基,-,基,-,基,1,基,-,箇所,-,箇所,○,○,○,○,○,2,○,35.32795,136.01988,00001B000000000309B3FF255BE5FFC0
西日本旅客鉄道,近江今津,湖西,線,滋賀県,高島市,-,○,2,2,2,基,2,基,-,基,-,基,-,基,-,箇所,-,箇所,○,○,○,○,○,2,○,35.39822,136.03229,00001B000000000309B8EFA55CC57FC0
西日本旅客鉄道,小野,湖西,線,滋賀県,大津市,-,○,2,2,2,基,2,基,-,基,-,基,-,基,-,箇所,-,箇所,○,○,-,○,○,2,○,35.13885,135.92269,00001B000000000309A6B32555107FC0
西日本旅客鉄道,高井田中央,おおさか東,線,大阪府,東大阪市,-,○,1,1,1,基,1,基,2,基,-,基,-,基,-,箇所,-,箇所,○,○,○,○,○,1,○,34.67885,135.57232,00001B000000000309865B253C6DFFC0
西日本旅客鉄道,ＪＲ河内永和,おおさか東,線,大阪府,東大阪市,-,○,1,1,1,基,1,基,2,基,-,基,-,基,-,箇所,-,箇所,○,○,○,○,○,1,○,34.66433,135.57232,00001B0000000003098555A53C6DFFC0
西日本旅客鉄道,ＪＲ俊徳道,おおさか東,線,大阪府,東大阪市,-,○,1,1,1,基,1,基,2,基,-,基,-,基,-,箇所,-,箇所,○,○,○,○,○,1,○,34.65865,135.57248,00001B00000000030984EFA53C70FFC0
西日本旅客鉄道,ＪＲ長瀬,おおさか東,線,大阪府,東大阪市,-,○,1,1,1,基,1,基,2,基,-,基,-,基,-,箇所,-,箇所,○,○,○,○,○,1,○,34.64997,135.57034,00001B0000000003098453253C4A7FC0
西日本旅客鉄道,新加美,おおさか東,線,大阪府,大阪市,平野区,○,2,2,2,基,2,基,4,基,-,基,-,基,-,箇所,-,箇所,○,○,○,○,○,2,○,34.62725,135.56808,00001B00000000030982BAA53C217FC0
西日本旅客鉄道,安治川口,桜島,線,大阪府,大阪市,此花区,○,1,1,2,基,2,基,2,基,-,基,-,基,-,箇所,-,箇所,○,-,×,○,○,1,○,34.67339,135.44387,00001B00000000030985F9253365FFC0
西日本旅客鉄道,桜島,桜島,線,大阪府,大阪市,此花区,○,1,1,2,基,2,基,2,基,-,基,-,基,-,箇所,-,箇所,○,-,×,○,○,1,○,34.66224,135.43242,00001B0000000003098530253297FFC0
西日本旅客鉄道,ユニバーサルシティ,桜島,線,大阪府,大阪市,此花区,○,2,2,2,基,2,基,4,基,-,基,-,基,-,箇所,-,箇所,○,-,○,○,○,2,○,34.66784,135.43857,00001B00000000030985952533067FC0
西日本旅客鉄道,大阪城北詰,ＪＲ東西,線,大阪府,大阪市,都島区,○,1,1,2,基,2,基,1,基,-,基,-,基,2,箇所,2,箇所,○,○,○,○,○,1,○,34.69452,135.52532,00001B000000000309877525391FFFC0
西日本旅客鉄道,大阪天満宮,ＪＲ東西,線,大阪府,大阪市,北区,○,1,1,2,基,2,基,5,基,-,基,-,基,4,箇所,4,箇所,○,○,○,○,○,1,○,34.69741,135.51334,00001B00000000030987A92538487FC0
西日本旅客鉄道,北新地,ＪＲ東西,線,大阪府,大阪市,北区,○,1,1,1,基,1,基,9,基,-,基,-,基,5,箇所,5,箇所,○,○,○,○,○,1,○,34.69838,135.49706,00001B00000000030987BAA537237FC0
西日本旅客鉄道,新福島,ＪＲ東西,線,大阪府,大阪市,福島区,○,1,1,2,基,2,基,3,基,-,基,-,基,3,箇所,3,箇所,○,○,○,○,○,1,○,34.69488,135.48556,00001B000000000309877BA536547FC0
西日本旅客鉄道,海老江,ＪＲ東西,線,大阪府,大阪市,福島区,○,1,1,2,基,2,基,4,基,-,基,-,基,2,箇所,2,箇所,○,○,○,○,○,1,○,34.69564,135.47297,00001B0000000003098789A535717FC0
西日本旅客鉄道,御幣島,ＪＲ東西,線,大阪府,大阪市,西淀川区,○,1,1,2,基,2,基,1,基,-,基,-,基,2,箇所,2,箇所,○,○,○,○,○,1,○,34.71269,135.45561,00001B00000000030988BC253438FFC0
西日本旅客鉄道,加島,ＪＲ東西,線,大阪府,大阪市,淀川区,○,1,1,2,基,2,基,1,基,-,基,-,基,-,箇所,-,箇所,○,○,○,○,○,1,○,34.72778,135.45359,00001B00000000030989CC253414FFC0
西日本旅客鉄道,弁天町,大阪環状,線,大阪府,大阪市,港区,○,2,2,3,基,3,基,4,基,-,基,-,基,1,箇所,1,箇所,○,-,○,○,○,2,○,34.67003,135.46198,00001B00000000030985BCA534ABFFC0
西日本旅客鉄道,大正,大阪環状,線,大阪府,大阪市,大正区,○,2,2,2,基,2,基,2,基,-,基,-,基,-,箇所,-,箇所,○,-,○,○,○,2,○,34.66551,135.48,00001B000000000309856B2535F07FC0
西日本旅客鉄道,新今宮,大阪環状,線,大阪府,大阪市,浪速区,○,2,2,2,基,2,基,-,基,-,基,1,基,1,箇所,1,箇所,○,○,○,○,○,2,○,34.6499,135.50179,00001B00000000030984522537787FC0
西日本旅客鉄道,芦原橋,大阪環状,線,大阪府,大阪市,浪速区,○,2,2,2,基,2,基,-,基,-,基,-,基,-,箇所,-,箇所,○,-,○,○,○,2,○,34.65857,135.48919,00001B00000000030984EE2536957FC0
西日本旅客鉄道,加茂,関西,線,京都府,木津川市,-,○,2,2,2,基,2,基,-,基,-,基,-,基,-,箇所,-,箇所,○,-,○,○,○,2,○,34.75257,135.8696,00001B0000000003098B8A255154FFC0
西日本旅客鉄道,木津,関西,線,京都府,木津川市,-,○,2,2,2,基,2,基,4,基,-,基,-,基,-,箇所,-,箇所,○,○,○,×,○,2,○,34.7356,135.82477,00001B0000000003098A58A54E2DFFC0
西日本旅客鉄道,奈良,関西,線,奈良県,奈良市,-,○,3,3,3,基,3,基,4,基,-,基,1,基,3,箇所,-,箇所,○,○,○,○,○,3,○,34.6805,135.81885,00001B0000000003098679254DC37FC0
西日本旅客鉄道,郡山,関西,線,奈良県,大和郡山市,-,○,2,2,2,基,2,基,2,基,-,基,-,基,2,箇所,2,箇所,○,○,○,○,○,2,○,34.64812,135.79036,00001B0000000003098432254BC27FC0
西日本旅客鉄道,大和小泉,関西,線,奈良県,大和郡山市,-,○,2,2,2,基,2,基,2,基,-,基,-,基,-,箇所,-,箇所,○,○,○,○,○,2,○,34.62219,135.76345,00001B000000000309825F2549DE7FC0
西日本旅客鉄道,法隆寺,関西,線,奈良県,生駒郡,斑鳩町,○,2,2,2,基,2,基,2,基,-,基,-,基,1,箇所,-,箇所,○,○,○,○,○,2,○,34.60155,135.7389,00001B00000000030980EBA548247FC0
西日本旅客鉄道,王寺,関西,線,奈良県,北葛城郡,王寺町,○,3,3,3,基,3,基,-,基,-,基,-,基,-,箇所,-,箇所,○,○,○,○,○,3,○,34.59747,135.70378,00001B00000000030980A22545AC7FC0
西日本旅客鉄道,柏原,関西・道明寺,線,大阪府,柏原市,-,○,2,2,2,基,2,基,2,基,-,基,-,基,1,箇所,-,箇所,○,○,○,○,○,2,○,34.586779,135.623244,00001B0000000003097FE22540027FC0
-,柏原,関西,線,-,-,-,-,-,-,-,基,-,基,-,基,-,基,-,基,-,箇所,-,箇所,-,-,-,-,-,-,-,34.586758,135.62321,00001B0000000003097FE1A54001FFC0
-,柏原,道明寺,線,-,-,-,-,-,-,-,基,-,基,-,基,-,基,-,基,-,箇所,-,箇所,-,-,-,-,-,-,-,34.586758,135.62321,00001B0000000003097FE1A54001FFC0
西日本旅客鉄道,志紀,関西,線,大阪府,八尾市,-,○,2,2,2,基,2,基,-,基,-,基,-,基,1,箇所,-,箇所,○,○,○,○,○,2,○,34.60033,135.61591,00001B00000000030980D5A53F7E7FC0
西日本旅客鉄道,八尾,関西,線,大阪府,八尾市,-,○,2,2,2,基,2,基,4,基,-,基,-,基,2,箇所,1,箇所,○,○,○,○,○,2,○,34.61726,135.59701,00001B0000000003098206A53E2A7FC0
西日本旅客鉄道,久宝寺,関西,線,大阪府,八尾市,-,○,2,2,2,基,2,基,2,基,-,基,-,基,-,箇所,-,箇所,○,-,○,○,○,2,○,34.62234,135.58444,00001B0000000003098262253D47FFC0
西日本旅客鉄道,加美,関西,線,大阪府,大阪市,平野区,○,2,2,2,基,2,基,-,基,-,基,-,基,-,箇所,-,箇所,○,○,○,○,○,2,○,34.62688,135.56675,00001B00000000030982B3A53C09FFC0
西日本旅客鉄道,平野,関西,線,大阪府,大阪市,平野区,○,2,2,2,基,2,基,-,基,-,基,1,基,1,箇所,-,箇所,○,○,○,○,○,2,○,34.63091,135.55103,00001B00000000030982FC253AEEFFC0
西日本旅客鉄道,天王寺,関西,線,大阪府,大阪市,天王寺区,○,9,9,4,基,4,基,13,基,-,基,1,基,2,箇所,-,箇所,○,○,○,○,○,9,○,34.64657,135.51558,00001B00000000030984162538707FC0
西日本旅客鉄道,今宮,関西,線,大阪府,大阪市,浪速区,○,3,3,2,基,2,基,3,基,-,基,-,基,-,箇所,-,箇所,○,-,○,○,○,3,○,34.65403,135.49266,00001B000000000309849CA536D3FFC0
西日本旅客鉄道,ＪＲ難波,関西,線,大阪府,大阪市,浪速区,○,2,2,2,基,2,基,5,基,-,基,-,基,-,箇所,-,箇所,○,-,○,○,○,2,○,34.66636,135.49529,00001B000000000309857A2537037FC0
西日本旅客鉄道,三郷,関西,線,奈良県,生駒郡,三郷町,○,2,2,2,基,2,基,-,基,-,基,-,基,2,箇所,2,箇所,○,○,○,○,○,2,○,34.58888,135.68752,00001B0000000003098007A544877FC0
西日本旅客鉄道,高井田,関西,線,大阪府,柏原市,-,○,2,2,2,基,2,基,-,基,-,基,-,基,1,箇所,1,箇所,○,-,○,○,○,2,○,34.57144,135.63903,00001B0000000003097ECDA5411EFFC0
西日本旅客鉄道,東部市場前,関西,線,大阪府,大阪市,東住吉区,-,2,2,-,基,-,基,-,基,-,基,1,基,2,箇所,1,箇所,○,-,○,○,○,2,○,34.63809,135.53768,00001B000000000309837DA539FE7FC0
西日本旅客鉄道,貴生川,草津信楽,線,滋賀県,甲賀市,-,○,2,2,2,基,2,基,-,基,-,基,-,基,1,箇所,1,箇所,○,○,○,○,○,2,○,34.95195,136.15417,00001B000000000309998F2565577FC0
西日本旅客鉄道,三雲,草津,線,滋賀県,湖南市,-,○,2,2,2,基,2,基,-,基,-,基,1,基,2,箇所,2,箇所,○,○,-,○,-,2,○,34.98313,136.11758,00001B0000000003099BC02562C47FC0
西日本旅客鉄道,石部,草津,線,滋賀県,湖南市,-,-,2,2,-,基,-,基,-,基,-,基,-,基,1,箇所,1,箇所,-,-,-,○,×,2,○,35.0177,136.05307,00001B0000000003099E2EA55E3B7FC0
西日本旅客鉄道,手原,草津,線,滋賀県,栗東市,-,○,2,2,2,基,2,基,-,基,-,基,-,基,-,箇所,-,箇所,○,-,-,○,×,2,○,35.02743,135.99944,00001B0000000003099EDDA55A75FFC0
西日本旅客鉄道,甲西,草津,線,滋賀県,湖南市,-,○,1,1,1,基,1,基,-,基,-,基,-,基,1,箇所,-,箇所,-,○,×,○,×,1,○,35.00061,136.08237,00001B0000000003099CFAA5604AFFC0
西日本旅客鉄道,城陽,奈良,線,京都府,宇治市,-,-,2,2,-,基,-,基,-,基,-,基,-,基,1,箇所,1,箇所,○,○,×,○,○,2,○,34.85558,135.78106,00001B00000000030992C8254B1B7FC0
西日本旅客鉄道,新田,奈良,線,京都府,宇治市,-,○,2,2,2,基,2,基,-,基,-,基,-,基,2,箇所,2,箇所,○,○,○,○,○,2,○,34.87434,135.78073,00001B000000000309941A254B157FC0
西日本旅客鉄道,宇治,奈良,線,京都府,宇治市,-,○,2,2,2,基,2,基,2,基,-,基,-,基,1,箇所,-,箇所,○,○,○,○,○,2,○,34.89038,135.80081,00001B000000000309953AA54C7EFFC0
西日本旅客鉄道,黄檗,奈良,線,京都府,宇治市,-,-,2,2,-,基,-,基,-,基,-,基,-,基,1,箇所,1,箇所,○,-,○,○,○,2,○,34.9128,135.80369,00001B00000000030996CE254CB27FC0
西日本旅客鉄道,木幡,奈良,線,京都府,宇治市,-,-,2,2,-,基,-,基,-,基,-,基,-,基,1,箇所,1,箇所,○,-,×,○,○,2,○,34.92481,135.79893,00001B00000000030997A6A54C5CFFC0
西日本旅客鉄道,桃山,奈良,線,京都府,京都市,伏見区,-,2,2,-,基,-,基,-,基,-,基,-,基,1,箇所,1,箇所,-,-,×,○,○,2,○,34.93253,135.77195,00001B0000000003099831A54A777FC0
西日本旅客鉄道,稲荷,奈良,線,京都府,京都市,-,○,2,2,2,基,2,基,-,基,-,基,-,基,1,箇所,1,箇所,○,○,○,○,○,2,○,34.96673,135.7707,00001B0000000003099A99254A60FFC0
西日本旅客鉄道,東福寺,奈良,線,京都府,京都市,-,○,2,2,2,基,2,基,-,基,-,基,-,基,-,箇所,-,箇所,○,○,○,○,○,2,○,34.98139,135.76974,00001B0000000003099BA1254A4F7FC0
西日本旅客鉄道,六地蔵,奈良,線,京都府,宇治市,-,-,1,1,-,基,-,基,1,基,-,基,-,基,-,箇所,-,箇所,○,○,○,○,○,1,○,34.9329,135.79735,00001B0000000003099838254C407FC0
西日本旅客鉄道,ＪＲ藤森,奈良,線,京都府,京都市,伏見区,○,2,2,2,基,2,基,2,基,-,基,-,基,-,箇所,-,箇所,○,○,○,○,○,2,○,34.94797,135.7756,00001B0000000003099947254AB8FFC0
西日本旅客鉄道,ＪＲ小倉,奈良,線,京都府,宇治市,-,○,2,2,2,基,2,基,-,基,-,基,-,基,-,箇所,-,箇所,○,-,○,○,○,2,○,34.8891,135.78621,00001B0000000003099523A54B77FFC0
西日本旅客鉄道,天理,桜井,線,奈良県,天理市,-,○,2,2,2,基,2,基,-,基,-,基,-,基,1,箇所,-,箇所,○,-,○,○,○,2,○,34.60037,135.83041,00001B00000000030980D6A54E937FC0
西日本旅客鉄道,桜井,桜井,線,奈良県,桜井市,-,○,2,2,2,基,2,基,-,基,-,基,-,基,-,箇所,-,箇所,○,-,○,○,○,2,○,34.51299,135.84579,00001B0000000003097AB1A54FA87FC0
西日本旅客鉄道,畠田,和歌山,線,奈良県,北葛城郡,王寺町,○,1,1,-,基,-,基,-,基,-,基,-,基,1,箇所,1,箇所,○,-,○,○,○,1,○,34.57776,135.70363,00001B0000000003097F3FA545A97FC0
西日本旅客鉄道,志都美,和歌山,線,奈良県,香芝市,-,○,2,2,-,基,-,基,-,基,-,基,-,基,-,箇所,-,箇所,-,-,-,○,○,2,○,34.56204,135.70196,00001B0000000003097E24A5458B7FC0
西日本旅客鉄道,香芝,和歌山,線,奈良県,香芝市,-,-,2,2,-,基,-,基,-,基,-,基,-,基,1,箇所,-,箇所,-,-,×,○,○,2,○,34.54377,135.70532,00001B0000000003097CDBA545C7FFC0
西日本旅客鉄道,高田,和歌山,線,奈良県,大和高田市,-,○,2,2,3,基,3,基,-,基,-,基,-,基,1,箇所,1,箇所,○,-,○,○,○,2,○,34.51634,135.74464,00001B0000000003097AEE25488BFFC0
西日本旅客鉄道,五条,和歌山,線,奈良県,五條市,-,-,2,2,-,基,-,基,-,基,-,基,-,基,1,箇所,-,箇所,○,-,×,○,○,2,-,34.35574,135.69869,00001B0000000003096FA32545507FC0
西日本旅客鉄道,橋本,和歌山,線,和歌山県,橋本市,-,○,2,2,2,基,2,基,-,基,-,基,1,基,1,箇所,1,箇所,○,○,○,○,○,2,○,34.31815,135.61477,00001B0000000003096CFEA53F69FFC0
西日本旅客鉄道,岩出,和歌山,線,和歌山県,岩出市,-,-,2,2,-,基,-,基,-,基,-,基,-,基,-,箇所,-,箇所,-,-,×,○,○,2,○,34.25502,135.32128,00001B000000000309688E252AC77FC0
西日本旅客鉄道,美章園,阪和,線,大阪府,大阪市,阿倍野区,○,2,2,2,基,2,基,-,基,-,基,-,基,-,箇所,-,箇所,○,○,○,○,○,2,○,34.63863,135.52378,00001B00000000030983872539047FC0
西日本旅客鉄道,南田辺,阪和,線,大阪府,大阪市,阿倍野区,○,2,2,2,基,2,基,4,基,-,基,-,基,-,箇所,-,箇所,○,○,○,○,○,2,○,34.62556,135.52087,00001B000000000309829C2538CFFFC0
西日本旅客鉄道,鶴ヶ丘,阪和,線,大阪府,大阪市,阿倍野区,○,2,2,2,基,2,基,4,基,-,基,-,基,-,箇所,-,箇所,○,○,○,○,○,2,○,34.61803,135.5171,00001B0000000003098214A5388BFFC0
西日本旅客鉄道,長居,阪和,線,大阪府,大阪市,住吉区,○,2,2,2,基,2,基,4,基,-,基,-,基,-,箇所,-,箇所,○,○,○,○,○,2,○,34.61052,135.51252,00001B000000000309818D2538397FC0
西日本旅客鉄道,我孫子町,阪和,線,大阪府,大阪市,住吉区,○,2,2,2,基,2,基,4,基,-,基,-,基,-,箇所,-,箇所,○,○,○,○,○,2,○,34.60229,135.50704,00001B00000000030980F92537D6FFC0
西日本旅客鉄道,杉本町,阪和,線,大阪府,大阪市,住吉区,○,2,2,2,基,2,基,-,基,-,基,2,基,-,箇所,-,箇所,○,○,○,○,○,2,○,34.59301,135.50302,00001B000000000309805225378E7FC0
西日本旅客鉄道,浅香,阪和,線,大阪府,堺市,-,○,2,2,2,基,2,基,-,基,-,基,-,基,-,箇所,-,箇所,○,○,○,○,○,2,○,34.58529,135.50249,00001B0000000003097FC7253784FFC0
西日本旅客鉄道,堺市,阪和,線,大阪府,堺市,-,○,2,2,2,基,2,基,-,基,-,基,-,基,2,箇所,-,箇所,○,-,○,○,○,2,○,34.57762,135.49867,00001B0000000003097F3D2537407FC0
西日本旅客鉄道,三国ヶ丘,阪和,線,大阪府,堺市,-,○,2,2,2,基,2,基,-,基,-,基,1,基,-,箇所,-,箇所,○,○,-,○,○,2,○,34.5662,135.49277,00001B0000000003097E6FA536D5FFC0
西日本旅客鉄道,百舌鳥,阪和,線,大阪府,堺市,-,○,2,2,-,基,-,基,-,基,-,基,-,基,2,箇所,2,箇所,○,○,○,○,○,2,○,34.55854,135.48914,00001B0000000003097DE5A53694FFC0
西日本旅客鉄道,上野芝,阪和,線,大阪府,堺市,-,○,2,2,2,基,2,基,-,基,-,基,-,基,2,箇所,-,箇所,○,○,○,○,○,2,○,34.54939,135.47802,00001B0000000003097D412535CC7FC0
西日本旅客鉄道,津久野,阪和,線,大阪府,堺市,-,○,2,2,2,基,2,基,-,基,-,基,-,基,-,箇所,-,箇所,○,○,○,○,○,2,○,34.54228,135.46825,00001B0000000003097CC125351CFFC0
西日本旅客鉄道,鳳,阪和,線,大阪府,堺市,-,○,3,3,3,基,3,基,5,基,-,基,-,基,-,箇所,-,箇所,○,○,○,○,○,3,○,34.53186,135.45885,00001B0000000003097C052534737FC0
西日本旅客鉄道,富木,阪和,線,大阪府,高石市,-,○,2,2,-,基,-,基,-,基,-,基,-,基,2,箇所,-,箇所,○,○,○,○,○,2,○,34.52252,135.45122,00001B0000000003097B5D2533E9FFC0
西日本旅客鉄道,北信太,阪和,線,大阪府,和泉市,-,○,2,2,-,基,-,基,-,基,-,基,-,基,4,箇所,4,箇所,○,○,○,○,○,2,○,34.51054,135.44144,00001B0000000003097A85A53339FFC0
西日本旅客鉄道,信太山,阪和,線,大阪府,和泉市,-,-,2,2,-,基,-,基,-,基,-,基,-,基,1,箇所,-,箇所,○,-,×,○,○,2,○,34.50026,135.43297,00001B00000000030979CCA532A17FC0
西日本旅客鉄道,和泉府中,阪和,線,大阪府,和泉市,-,○,2,2,2,基,2,基,4,基,-,基,-,基,1,箇所,-,箇所,○,-,○,○,○,2,○,34.48799,135.42387,00001B00000000030978EFA531FDFFC0
西日本旅客鉄道,久米田,阪和,線,大阪府,岸和田市,-,○,2,2,2,基,2,基,-,基,-,基,-,基,1,箇所,-,箇所,○,-,○,○,○,2,○,34.46569,135.4055,00001B000000000309775E2530B37FC0
西日本旅客鉄道,東岸和田,阪和,線,大阪府,岸和田市,-,-,2,2,1,基,1,基,2,基,-,基,-,基,-,箇所,-,箇所,○,-,×,○,○,2,○,34.44933,135.38583,00001B0000000003097637A52F50FFC0
西日本旅客鉄道,東貝塚,阪和,線,大阪府,貝塚市,-,-,2,2,-,基,-,基,-,基,-,基,-,基,-,箇所,-,箇所,○,-,×,○,○,2,○,34.44005,135.37303,00001B0000000003097590A52E6AFFC0
西日本旅客鉄道,和泉橋本,阪和,線,大阪府,貝塚市,-,○,2,2,2,基,2,基,-,基,-,基,-,基,1,箇所,-,箇所,○,-,○,○,○,2,○,34.4273,135.35883,00001B00000000030974AB252D6AFFC0
西日本旅客鉄道,熊取,阪和,線,大阪府,泉南郡,熊取町,○,2,2,2,基,2,基,2,基,-,基,1,基,-,箇所,-,箇所,○,○,○,○,○,2,○,34.40629,135.34122,00001B0000000003097331252C2DFFC0
西日本旅客鉄道,日根野,阪和,線,大阪府,泉佐野市,-,○,2,2,5,基,5,基,-,基,-,基,-,基,-,箇所,-,箇所,○,○,○,○,○,2,○,34.39073,135.33129,00001B0000000003097219252B7B7FC0
西日本旅客鉄道,新家,阪和,線,大阪府,泉南市,-,○,2,2,-,基,-,基,-,基,-,基,-,基,2,箇所,2,箇所,○,○,○,○,○,2,○,34.37235,135.29912,00001B00000000030970CE2529387FC0
西日本旅客鉄道,和泉砂川,阪和,線,大阪府,泉南市,-,○,2,2,3,基,3,基,-,基,-,基,-,基,-,箇所,-,箇所,○,○,○,○,○,2,○,34.36024,135.2812,00001B0000000003096FF42527F5FFC0
西日本旅客鉄道,紀伊,阪和,線,和歌山県,和歌山市,-,○,2,2,4,基,4,基,-,基,-,基,-,基,-,箇所,-,箇所,○,○,○,○,○,2,○,34.26926,135.24626,00001B000000000309698EA52580FFC0
西日本旅客鉄道,六十谷,阪和,線,和歌山県,和歌山市,-,○,2,2,2,基,2,基,-,基,-,基,-,基,1,箇所,1,箇所,○,○,○,○,○,2,○,34.26265,135.20738,00001B0000000003096917A522C4FFC0
西日本旅客鉄道,和泉鳥取,阪和,線,大阪府,阪南市,-,-,2,2,1,基,1,基,-,基,-,基,-,基,1,箇所,1,箇所,○,-,×,○,○,2,○,34.34248,135.26318,00001B0000000003096EB4A526B17FC0
西日本旅客鉄道,下松,阪和,線,大阪府,岸和田市,-,○,2,2,2,基,2,基,-,基,-,基,-,基,2,箇所,2,箇所,○,-,○,○,○,2,○,34.45743,135.39694,00001B00000000030976C9A53018FFC0
西日本旅客鉄道,東羽衣,阪和,線,大阪府,高石市,-,-,1,1,1,基,1,基,-,基,-,基,1,基,-,箇所,-,箇所,○,-,○,○,○,1,○,34.535,135.4428,00001B0000000003097C3E2533527FC0
西日本旅客鉄道,紀伊田辺,紀勢,線,和歌山県,田辺市,-,○,2,2,2,基,2,基,-,基,-,基,-,基,-,箇所,-,箇所,○,○,○,○,○,2,○,33.7336,135.38374,00001B00000000030943E4A52F2B7FC0
西日本旅客鉄道,御坊,紀勢・紀州鉄道,線,和歌山県,御坊市,-,○,2,2,2,基,2,基,-,基,-,基,-,基,1,箇所,1,箇所,○,○,○,○,○,2,○,33.90774,135.15873,00001B0000000003095023251F597FC0
西日本旅客鉄道,箕島,紀勢,線,和歌山県,有田市,-,○,2,2,2,基,2,基,-,基,-,基,-,基,-,箇所,-,箇所,○,○,○,○,○,2,○,34.08609,135.12405,00001B0000000003095CADA51CE8FFC0
西日本旅客鉄道,海南,紀勢,線,和歌山県,海南市,-,○,2,2,2,基,2,基,3,基,-,基,-,基,-,箇所,-,箇所,○,-,○,○,○,2,○,34.15456,135.21445,00001B000000000309617E2523447FC0
西日本旅客鉄道,紀三井寺,紀勢,線,和歌山県,和歌山市,-,-,2,2,-,基,-,基,-,基,-,基,-,基,2,箇所,-,箇所,○,-,○,○,○,2,○,34.18771,135.18759,00001B00000000030963D2A52160FFC0
西日本旅客鉄道,宮前,紀勢,線,和歌山県,和歌山市,-,-,2,2,-,基,-,基,-,基,-,基,-,基,2,箇所,2,箇所,○,-,-,-,×,-,○,34.213454,135.188903,00001B00000000030965A22521787FC0
西日本旅客鉄道,和歌山,紀勢,線,和歌山県,和歌山市,-,○,4,4,4,基,4,基,2,基,-,基,-,基,-,箇所,-,箇所,○,○,○,○,○,4,○,34.23248,135.1914,00001B00000000030966F8A521A57FC0
西日本旅客鉄道,黒江,紀勢,線,和歌山県,海南市,-,○,2,2,3,基,3,基,-,基,-,基,-,基,-,箇所,-,箇所,○,○,○,○,○,2,○,34.1709,135.21007,00001B00000000030962A42522F57FC0
西日本旅客鉄道,和歌山市,紀勢,線,和歌山県,和歌山市,-,○,1,1,-,基,-,基,-,基,-,基,-,基,-,箇所,-,箇所,○,-,-,-,×,-,○,34.2366,135.16691,00001B0000000003096742A51FEC7FC0
西日本旅客鉄道,りんくうタウン,関西空港,線,大阪府,佐野市,-,○,2,2,2,基,2,基,2,基,-,基,-,基,-,箇所,-,箇所,-,○,×,○,○,2,○,34.410749,135.299626,00001B00000000030973812529417FC0
西日本旅客鉄道,関西空港,関西空港,線,大阪府,泉南郡,田尻町,○,1,1,3,基,2,基,4,基,4,基,1,基,-,箇所,-,箇所,○,-,×,○,○,1,○,34.43581,135.24324,00001B0000000003097544A5254A7FC0
西日本旅客鉄道,香呂,播但,線,兵庫県,姫路市,-,○,2,2,-,基,-,基,-,基,-,基,-,基,3,箇所,3,箇所,-,-,×,○,×,2,○,34.91136,134.73592,00001B00000000030996B425019EFFC0
西日本旅客鉄道,溝口,播但,線,兵庫県,姫路市,-,○,2,2,-,基,-,基,-,基,-,基,-,基,2,箇所,2,箇所,-,-,×,○,×,2,○,34.92792,134.74239,00001B00000000030997DEA502137FC0
西日本旅客鉄道,福崎,播但,線,兵庫県,神崎郡,福崎町,-,2,2,-,基,-,基,-,基,-,基,1,基,1,箇所,1,箇所,○,-,×,○,×,2,○,34.96104,134.75105,00001B0000000003099A32A502AEFFC0
西日本旅客鉄道,相野,福知山,線,兵庫県,三田市,-,○,2,2,2,基,2,基,-,基,-,基,-,基,1,箇所,1,箇所,○,○,○,○,○,2,○,34.94763,135.15595,00001B0000000003099941251F277FC0
西日本旅客鉄道,篠山口,福知山,線,兵庫県,篠山市,-,○,2,2,2,基,2,基,-,基,-,基,-,基,-,箇所,-,箇所,○,-,○,○,○,2,○,35.0562,135.17749,00001B000000000309A0E3A520AAFFC0
西日本旅客鉄道,馬堀,山陰,線,京都府,亀岡市,-,○,2,2,2,基,2,基,-,基,-,基,-,基,-,箇所,-,箇所,○,○,○,○,○,2,○,35.01066,135.60246,00001B0000000003099DAFA53E8C7FC0
西日本旅客鉄道,亀岡,山陰,線,京都府,亀岡市,-,○,2,2,2,基,2,基,2,基,-,基,-,基,-,箇所,-,箇所,○,○,○,○,○,2,○,35.0168,135.58232,00001B0000000003099E1E253D21FFC0
西日本旅客鉄道,並河,山陰,線,京都府,亀岡市,-,○,2,2,2,基,2,基,-,基,-,基,-,基,1,箇所,1,箇所,○,○,○,○,○,2,○,35.03229,135.55505,00001B0000000003099F35253B36FFC0
西日本旅客鉄道,千代川,山陰,線,京都府,亀岡市,-,-,2,2,-,基,-,基,-,基,-,基,-,基,-,箇所,-,箇所,-,-,×,○,○,2,○,35.04844,135.54842,00001B000000000309A057A53ABFFFC0
西日本旅客鉄道,八木,山陰,線,京都府,南丹市,-,-,2,2,-,基,-,基,-,基,-,基,-,基,2,箇所,-,箇所,-,-,×,○,○,2,○,35.06895,135.53198,00001B000000000309A1C9253997FFC0
西日本旅客鉄道,園部,山陰,線,京都府,南丹市,-,○,2,2,2,基,2,基,-,基,-,基,-,基,1,箇所,-,箇所,○,-,○,○,○,2,○,35.10217,135.48345,00001B000000000309A41F25362E7FC0
西日本旅客鉄道,綾部,山陰,線,京都府,綾部市,-,○,2,2,1,基,1,基,-,基,-,基,-,基,-,箇所,-,箇所,○,○,○,○,×,2,○,35.30215,135.25194,00001B000000000309B22EA525E6FFC0
西日本旅客鉄道,福知山,山陰,線,京都府,福知山市,-,○,3,3,3,基,3,基,6,基,-,基,1,基,-,箇所,-,箇所,○,○,○,○,○,3,○,35.29657,135.11856,00001B000000000309B1CA251C867FC0
西日本旅客鉄道,東舞鶴,舞鶴,線,京都府,舞鶴市,-,○,1,1,1,基,1,基,1,基,-,基,-,基,-,箇所,-,箇所,○,-,○,○,×,1,○,35.46848,135.39475,00001B000000000309BDE0A52FF17FC0
西日本旅客鉄道,鳥取,山陰,線,鳥取県,鳥取市,-,○,2,2,4,基,2,基,6,基,6,基,-,基,-,箇所,-,箇所,○,○,○,○,○,2,○,35.49422,134.22609,00001B000000000309BFAFA4DDC5FFC0
西日本旅客鉄道,倉吉,山陰,線,鳥取県,倉吉市,-,○,2,2,2,基,2,基,-,基,-,基,-,基,1,箇所,-,箇所,○,○,○,○,○,2,○,35.45481,133.84949,00001B000000000309BCEAA4C34AFFC0
西日本旅客鉄道,米子,山陰,線,鳥取県,米子市,-,○,3,3,3,基,3,基,3,基,-,基,-,基,-,箇所,-,箇所,○,○,○,○,○,3,○,35.42334,133.33668,00001B000000000309BAB4249F3C7FC0
西日本旅客鉄道,松江,山陰,線,島根県,松江市,-,○,2,2,2,基,2,基,3,基,-,基,-,基,-,箇所,-,箇所,○,○,○,○,○,2,○,35.46409,133.06397,00001B000000000309BD91A48C0F7FC0
西日本旅客鉄道,出雲市,山陰,線,島根県,出雲市,-,○,2,2,2,基,2,基,2,基,-,基,-,基,-,箇所,-,箇所,○,-,○,○,○,2,○,35.36062,132.756,00001B000000000309B64B2476687FC0
西日本旅客鉄道,鳥取大学前,山陰,線,鳥取県,鳥取市,-,○,1,1,-,基,-,基,-,基,-,基,-,基,1,箇所,1,箇所,○,-,-,○,○,1,○,35.51816,134.17386,00001B000000000309C15EA4DA197FC0
西日本旅客鉄道,清音,伯備,線,岡山県,総社市,-,○,2,2,-,基,-,基,-,基,-,基,-,基,-,箇所,-,箇所,○,-,×,○,○,2,-,34.64404,133.73351,00001B00000000030983E8A4BB237FC0
西日本旅客鉄道,総社,伯備,線,岡山県,総社市,-,○,2,2,2,基,2,基,-,基,-,基,-,基,1,箇所,1,箇所,○,-,-,○,○,2,○,34.67418,133.73816,00001B000000000309860724BB76FFC0
西日本旅客鉄道,備中高梁,伯備,線,岡山県,高梁市,-,○,2,2,2,基,2,基,1,基,-,基,-,基,-,箇所,-,箇所,○,-,○,○,○,2,○,34.78862,133.61654,00001B0000000003098E1324B2E9FFC0
西日本旅客鉄道,瀬戸,山陽,線,岡山県,岡山市,-,○,2,2,2,基,2,基,-,基,-,基,-,基,1,箇所,1,箇所,○,○,○,○,○,2,○,34.73458,134.0419,00001B0000000003098A4624D0D27FC0
西日本旅客鉄道,東岡山,山陽,線,岡山県,岡山市,-,○,3,3,3,基,3,基,-,基,-,基,-,基,1,箇所,1,箇所,○,○,○,○,○,3,○,34.68559,133.9872,00001B00000000030986D4A4CCF9FFC0
西日本旅客鉄道,岡山,山陽,線,岡山県,岡山市,-,○,6,6,10,基,10,基,14,基,-,基,-,基,2,箇所,2,箇所,○,○,○,○,○,6,○,34.66696,133.91833,00001B000000000309858524C821FFC0
西日本旅客鉄道,庭瀬,山陽,線,岡山県,岡山市,-,○,2,2,2,基,2,基,-,基,-,基,-,基,1,箇所,1,箇所,○,○,○,○,○,2,○,34.64281,133.8544,00001B00000000030983D2A4C3A37FC0
西日本旅客鉄道,中庄,山陽,線,岡山県,倉敷市,-,○,2,2,2,基,2,基,2,基,-,基,-,基,-,箇所,-,箇所,○,○,-,○,○,2,○,34.62646,133.8082,00001B00000000030982AC24C063FFC0
西日本旅客鉄道,倉敷,山陽,線,岡山県,倉敷市,-,○,3,3,3,基,3,基,-,基,-,基,1,基,-,箇所,-,箇所,○,○,○,○,○,3,○,34.60162,133.7656,00001B00000000030980ED24BD64FFC0
西日本旅客鉄道,西阿知,山陽,線,岡山県,倉敷市,-,○,1,1,2,基,2,基,-,基,-,基,-,基,-,箇所,-,箇所,○,○,○,○,○,1,○,34.58579,133.72792,00001B0000000003097FD024BABEFFC0
西日本旅客鉄道,新倉敷,山陽,線,岡山県,倉敷市,-,○,4,4,2,基,2,基,-,基,-,基,-,基,-,箇所,-,箇所,○,○,○,○,○,4,○,34.56491,133.67882,00001B0000000003097E5824B74AFFC0
西日本旅客鉄道,金光,山陽,線,岡山県,浅口市,-,○,2,2,2,基,2,基,-,基,-,基,-,基,-,箇所,-,箇所,○,○,○,○,○,2,○,34.541,133.621,00001B0000000003097CAA24B33A7FC0
西日本旅客鉄道,鴨方,山陽,線,岡山県,浅口市,-,○,1,1,1,基,1,基,-,基,-,基,-,基,-,箇所,-,箇所,○,○,-,○,○,1,○,34.52723,133.5877,00001B0000000003097BB224B0E2FFC0
西日本旅客鉄道,笠岡,山陽,線,岡山県,笠岡市,-,○,2,2,2,基,2,基,-,基,-,基,-,基,-,箇所,-,箇所,○,○,○,○,×,2,○,34.5048,133.50456,00001B0000000003097A1E24AB0A7FC0
西日本旅客鉄道,大門,山陽,線,広島県,福山市,-,○,2,2,2,基,2,基,-,基,-,基,-,基,-,箇所,-,箇所,○,○,○,○,○,2,○,34.49818,133.4402,00001B00000000030979A724A683FFC0
西日本旅客鉄道,福山,山陽,線,広島県,福山市,-,○,5,5,5,基,5,基,10,基,-,基,2,基,-,箇所,-,箇所,○,○,○,○,○,5,○,34.48926,133.36135,00001B0000000003097906A4A0F87FC0
西日本旅客鉄道,備後赤坂,山陽,線,広島県,福山市,-,-,2,2,-,基,-,基,-,基,-,基,-,基,1,箇所,-,箇所,○,-,×,○,○,2,○,34.47221,133.30602,00001B00000000030977D3A49D147FC0
西日本旅客鉄道,松永,山陽,線,広島県,福山市,-,○,2,2,2,基,2,基,-,基,-,基,1,基,-,箇所,-,箇所,○,○,○,○,○,2,○,34.45096,133.25892,00001B00000000030976552499C4FFC0
西日本旅客鉄道,尾道,山陽,線,広島県,尾道市,-,○,2,2,2,基,2,基,-,基,-,基,-,基,-,箇所,-,箇所,○,○,○,○,○,2,○,34.40479,133.19299,00001B0000000003097316249521FFC0
西日本旅客鉄道,東福山,山陽,線,広島県,福山市,-,○,2,2,4,基,4,基,-,基,-,基,-,基,-,箇所,-,箇所,○,○,○,○,○,2,○,34.49527,133.40654,00001B0000000003097972A4A425FFC0
西日本旅客鉄道,高島,山陽,線,岡山県,岡山市,-,○,2,2,2,基,2,基,-,基,-,基,-,基,1,箇所,1,箇所,○,○,○,○,○,2,○,34.68294,133.95769,00001B00000000030986A4A4CAE67FC0
西日本旅客鉄道,東尾道,山陽,線,広島県,尾道市,-,-,2,2,-,基,-,基,-,基,-,基,-,基,2,箇所,2,箇所,○,-,×,○,○,2,○,34.43503,133.2332,00001B0000000003097536A497F5FFC0
西日本旅客鉄道,北長瀬,山陽,線,岡山県,岡山市,-,○,2,2,2,基,2,基,-,基,-,基,-,基,-,箇所,-,箇所,○,○,-,○,×,2,○,34.65293,133.88497,00001B0000000003098488A4C5C97FC0
西日本旅客鉄道,西川原,山陽,線,岡山県,岡山市,-,○,2,2,-,基,-,基,-,基,-,基,-,基,2,箇所,2,箇所,○,○,-,○,×,2,○,34.67899,133.93825,00001B000000000309865DA4C988FFC0
西日本旅客鉄道,津山,姫新,線,岡山県,津山市,-,-,2,2,-,基,-,基,-,基,-,基,-,基,-,箇所,-,箇所,○,-,×,○,○,2,-,35.0545,134.00345,00001B000000000309A0C524CE1E7FC0
西日本旅客鉄道,邑久,赤穂,線,岡山県,瀬戸内市,-,○,1,1,-,基,-,基,-,基,-,基,-,基,1,箇所,1,箇所,-,-,×,○,○,1,○,34.66843,134.091,00001B000000000309859FA4D4467FC0
西日本旅客鉄道,西大寺,赤穂,線,岡山県,岡山市,-,○,2,2,2,基,2,基,-,基,-,基,-,基,-,箇所,-,箇所,○,○,○,○,○,2,○,34.66183,134.03676,00001B0000000003098528A4D075FFC0
西日本旅客鉄道,大多羅,赤穂,線,岡山県,岡山市,-,○,1,1,-,基,-,基,-,基,-,基,-,基,1,箇所,-,箇所,○,-,-,○,×,-,○,34.66565,134.00628,00001B000000000309856DA4CE517FC0
西日本旅客鉄道,児島,本四備讃,線,岡山県,倉敷市,-,○,2,2,2,基,2,基,-,基,-,基,-,基,-,箇所,-,箇所,○,○,○,○,○,2,○,34.46281,133.80769,00001B000000000309772AA4C05A7FC0
西日本旅客鉄道,大元,宇野,線,岡山県,岡山市,-,○,2,2,2,基,2,基,-,基,-,基,-,基,-,箇所,-,箇所,○,-,-,○,×,2,○,34.647515,133.910776,00001B000000000309842724C799FFC0
西日本旅客鉄道,備前西市,宇野,線,岡山県,岡山市,-,○,2,2,-,基,-,基,-,基,-,基,-,基,1,箇所,1,箇所,-,-,-,○,×,-,○,34.63198,133.900424,00001B000000000309830FA4C6DFFFC0
西日本旅客鉄道,妹尾,宇野,線,岡山県,岡山市,-,○,2,2,2,基,2,基,-,基,-,基,-,基,2,箇所,2,箇所,○,-,○,○,○,2,○,34.60829,133.87154,00001B000000000309816524C4D7FFC0
西日本旅客鉄道,茶屋町,宇野,線,岡山県,倉敷市,-,○,2,2,2,基,2,基,-,基,-,基,-,基,-,箇所,-,箇所,○,○,○,○,○,2,○,34.57698,133.82576,00001B0000000003097F31A4C19FFFC0
西日本旅客鉄道,下深川,芸備,線,広島県,広島市,安佐北区,-,1,1,-,基,-,基,-,基,-,基,-,基,-,箇所,-,箇所,○,-,×,×,○,1,-,34.48871,132.52467,00001B00000000030978FCA466247FC0
西日本旅客鉄道,安芸矢口,芸備,線,広島県,広島市,安佐北区,-,1,1,-,基,-,基,-,基,-,基,-,基,-,箇所,-,箇所,○,-,×,○,○,1,-,34.46357,132.49506,00001B000000000309773824640F7FC0
西日本旅客鉄道,戸坂,芸備,線,広島県,広島市,東区,○,1,1,-,基,-,基,-,基,-,基,-,基,1,箇所,1,箇所,○,-,×,○,×,-,-,34.43852,132.49122,00001B00000000030975752463C9FFC0
西日本旅客鉄道,三原,山陽,線,広島県,三原市,-,○,4,4,4,基,4,基,4,基,-,基,-,基,1,箇所,-,箇所,○,○,○,○,○,4,○,34.40059,133.083,00001B00000000030972CAA48D667FC0
西日本旅客鉄道,本郷,山陽,線,広島県,三原市,-,○,2,2,1,基,1,基,-,基,-,基,-,基,-,箇所,-,箇所,-,-,○,○,○,2,-,34.4096,132.98747,00001B000000000309736CA486AE7FC0
西日本旅客鉄道,白市,山陽,線,広島県,東広島市,-,○,2,2,2,基,2,基,-,基,-,基,-,基,-,箇所,-,箇所,○,○,×,○,○,2,○,34.44314,132.83213,00001B00000000030975C8A47BC27FC0
西日本旅客鉄道,西高屋,山陽,線,広島県,東広島市,-,-,2,2,-,基,-,基,-,基,-,基,1,基,-,箇所,-,箇所,○,-,×,○,○,2,○,34.44622,132.78822,00001B00000000030975FFA478ABFFC0
西日本旅客鉄道,西条,山陽,線,広島県,東広島市,-,○,2,2,2,基,2,基,-,基,-,基,1,基,1,箇所,1,箇所,○,○,○,○,○,2,○,34.43139,132.74397,00001B00000000030974F524758F7FC0
西日本旅客鉄道,八本松,山陽,線,広島県,東広島市,-,○,2,2,2,基,2,基,-,基,-,基,-,基,-,箇所,-,箇所,○,-,×,○,×,2,○,34.44557,132.6886,00001B00000000030975F42471AAFFC0
西日本旅客鉄道,瀬野,山陽,線,広島県,広島市,安芸区,○,2,2,2,基,2,基,-,基,-,基,-,基,-,箇所,-,箇所,○,-,-,○,○,2,○,34.42201,132.59675,00001B000000000309744C246B35FFC0
西日本旅客鉄道,安芸中野,山陽,線,広島県,広島市,安芸区,○,2,2,2,基,2,基,-,基,-,基,1,基,1,箇所,1,箇所,○,○,○,○,○,2,○,34.39099,132.56337,00001B000000000309721DA468DCFFC0
西日本旅客鉄道,海田市,山陽,線,広島県,-,海田町,○,3,3,3,基,3,基,-,基,-,基,-,基,-,箇所,-,箇所,○,-,○,○,○,3,○,34.3719,132.53083,00001B00000000030970C6246692FFC0
西日本旅客鉄道,向洋,山陽,線,広島県,-,府中町,○,2,2,-,基,-,基,-,基,-,基,-,基,-,箇所,-,箇所,○,-,×,×,×,2,○,34.37687,132.506,00001B000000000309711FA464D47FC0
西日本旅客鉄道,広島,山陽,線,広島県,広島市,南区,○,6,6,8,基,6,基,16,基,-,基,-,基,-,箇所,-,箇所,○,○,○,○,○,6,○,34.39746,132.47544,00001B00000000030972922462ADFFC0
西日本旅客鉄道,横川,山陽,線,広島県,広島市,西区,○,3,3,3,基,3,基,-,基,-,基,-,基,-,箇所,-,箇所,○,○,○,○,○,3,○,34.41016,132.45044,00001B0000000003097376A460EBFFC0
西日本旅客鉄道,西広島,山陽,線,広島県,広島市,西区,-,2,2,-,基,-,基,-,基,-,基,-,基,1,箇所,-,箇所,○,-,○,○,○,2,○,34.39807,132.42803,00001B000000000309729D245F58FFC0
西日本旅客鉄道,五日市,山陽,線,広島県,広島市,佐伯区,○,2,2,2,基,2,基,-,基,-,基,-,基,1,箇所,1,箇所,○,○,○,○,○,2,○,34.36684,132.36773,00001B000000000309706B245B1B7FC0
西日本旅客鉄道,廿日市,山陽,線,広島県,廿日市市,-,○,2,2,2,基,2,基,-,基,-,基,-,基,-,箇所,-,箇所,○,○,○,○,○,2,○,34.35789,132.33543,00001B0000000003096FCA2458D5FFC0
西日本旅客鉄道,宮島口,山陽,線,広島県,廿日市市,-,○,2,2,2,基,2,基,-,基,-,基,1,基,2,箇所,1,箇所,○,○,○,○,○,2,○,34.31211,132.30272,00001B0000000003096C91A45688FFC0
西日本旅客鉄道,大野浦,山陽,線,広島県,廿日市市,-,-,2,2,-,基,-,基,-,基,-,基,-,基,-,箇所,-,箇所,○,-,×,○,○,2,○,34.28345,132.26549,00001B0000000003096A8E2453EAFFC0
西日本旅客鉄道,玖波,山陽,線,広島県,大竹市,-,○,2,2,-,基,-,基,-,基,-,基,-,基,1,箇所,1,箇所,○,-,○,○,○,2,○,34.25529,132.2281,00001B0000000003096893245149FFC0
西日本旅客鉄道,大竹,山陽,線,広島県,大竹市,-,-,2,2,-,基,-,基,-,基,-,基,-,基,-,箇所,-,箇所,○,-,○,○,○,2,○,34.21775,132.22343,00001B00000000030965EFA450F5FFC0
西日本旅客鉄道,岩国,山陽,線,山口県,岩国市,-,-,3,3,-,基,-,基,-,基,-,基,1,基,-,箇所,-,箇所,○,-,×,○,○,3,○,34.17178,132.22561,00001B00000000030962B424511CFFC0
西日本旅客鉄道,南岩国,山陽,線,山口県,岩国市,-,-,2,2,-,基,-,基,-,基,-,基,-,基,-,箇所,-,箇所,○,-,×,○,○,2,-,34.13518,132.20604,00001B0000000003096021244FBCFFC0
西日本旅客鉄道,柳井,山陽,線,山口県,柳井市,-,-,3,3,-,基,-,基,-,基,-,基,-,基,2,箇所,-,箇所,○,-,×,○,○,3,-,33.96572,132.10616,00001B0000000003095436A448B6FFC0
西日本旅客鉄道,光,山陽,線,山口県,光市,-,-,2,2,-,基,-,基,-,基,-,基,-,基,2,箇所,-,箇所,○,-,×,×,○,2,-,33.97395,131.91488,00001B00000000030954CB243B43FFC0
西日本旅客鉄道,下松,山陽,線,山口県,下松市,-,-,2,2,-,基,-,基,-,基,-,基,-,基,-,箇所,-,箇所,○,-,×,○,×,2,-,34.00894,131.86795,00001B0000000003095740A437F77FC0
西日本旅客鉄道,徳山,山陽,線,山口県,周南市,-,○,5,5,6,基,5,基,4,基,-,基,1,基,1,箇所,1,箇所,○,○,○,○,○,5,○,34.05136,131.80246,00001B0000000003095A3C24335C7FC0
西日本旅客鉄道,防府,山陽,線,山口県,防府市,-,○,1,1,1,基,1,基,1,基,-,基,-,基,-,箇所,-,箇所,○,○,○,○,○,1,○,34.05322,131.56902,00001B0000000003095A5DA422F27FC0
西日本旅客鉄道,新山口,山陽,線,山口県,山口市,-,○,7,7,9,基,9,基,11,基,-,基,-,基,-,箇所,-,箇所,○,○,○,○,○,7,○,34.09405,131.39624,00001B0000000003095D3CA416CC7FC0
西日本旅客鉄道,宇部,山陽,線,山口県,宇部市,-,-,3,3,-,基,-,基,-,基,-,基,1,基,-,箇所,-,箇所,○,-,○,○,○,3,○,34.0033,131.22204,00001B00000000030956DB240A8CFFC0
西日本旅客鉄道,厚狭,山陽,線,山口県,山陽小野田市,-,-,6,6,2,基,2,基,2,基,-,基,-,基,-,箇所,-,箇所,○,○,○,○,○,6,○,34.05371,131.16025,00001B0000000003095A66A40634FFC0
西日本旅客鉄道,小月,山陽,線,山口県,下関市,-,○,2,2,2,基,2,基,-,基,-,基,-,基,-,箇所,-,箇所,○,○,○,○,×,2,○,34.06782,131.03286,00001B0000000003095B64A3FD3F7FC0
西日本旅客鉄道,長府,山陽,線,山口県,下関市,-,○,1,1,1,基,1,基,-,基,-,基,-,基,-,箇所,-,箇所,○,○,-,○,○,1,○,34.01924,130.99933,00001B00000000030957FA23FAE3FFC0
西日本旅客鉄道,新下関,山陽,線,山口県,下関市,-,○,4,4,4,基,4,基,2,基,-,基,-,基,2,箇所,-,箇所,○,○,○,○,○,4,○,34.00561,130.94814,00001B0000000003095704A3F74AFFC0
西日本旅客鉄道,幡生,山陽,線,山口県,下関市,-,-,2,2,-,基,-,基,-,基,-,基,-,基,-,箇所,-,箇所,○,-,×,○,○,2,○,33.98177,130.92758,00001B0000000003095557A3F5D87FC0
西日本旅客鉄道,下関,山陽,線,山口県,下関市,-,○,3,3,8,基,3,基,4,基,-,基,-,基,-,箇所,-,箇所,○,○,○,○,○,3,○,33.94929,130.9217,00001B000000000309530F23F56EFFC0
西日本旅客鉄道,新井口,山陽,線,広島県,広島市,西区,-,2,2,1,基,1,基,-,基,-,基,-,基,-,箇所,-,箇所,○,○,○,○,○,2,○,34.37526,132.39124,00001B0000000003097102A45CC27FC0
西日本旅客鉄道,宮内串戸,山陽,線,広島県,廿日市市,-,○,2,2,2,基,2,基,-,基,-,基,-,基,-,箇所,-,箇所,○,-,×,○,○,2,○,34.34877,132.32393,00001B0000000003096F25A45806FFC0
西日本旅客鉄道,中野東,山陽,線,広島県,広島市,安芸区,○,2,2,2,基,2,基,-,基,-,基,-,基,-,箇所,-,箇所,○,○,○,○,○,2,○,34.40331,132.57875,00001B00000000030972FBA469F1FFC0
西日本旅客鉄道,阿品,山陽,線,広島県,廿日市市,-,○,2,2,2,基,2,基,-,基,-,基,-,基,-,箇所,-,箇所,○,○,○,○,○,2,○,34.32314,132.31426,00001B0000000003096D58A45758FFC0
西日本旅客鉄道,前空,山陽,線,広島県,廿日市市,-,-,2,2,1,基,1,基,-,基,-,基,-,基,1,箇所,-,箇所,○,-,-,○,○,2,○,34.30112,132.28928,00001B0000000003096BCC2455977FC0
西日本旅客鉄道,天神川,山陽,線,広島県,広島市,南区,○,2,2,2,基,2,基,-,基,-,基,-,基,-,箇所,-,箇所,○,○,○,○,○,2,○,34.38976,132.49747,00001B0000000003097207A4643A7FC0
西日本旅客鉄道,広,呉,線,広島県,呉市,-,○,2,2,2,基,2,基,-,基,-,基,-,基,1,箇所,-,箇所,○,-,×,○,○,2,○,34.22816,132.62939,00001B00000000030966AAA46D817FC0
西日本旅客鉄道,安芸阿賀,呉,線,広島県,呉市,-,○,2,2,2,基,2,基,-,基,-,基,-,基,-,箇所,-,箇所,○,-,-,○,○,2,○,34.23546,132.60055,00001B000000000309672E246B79FFC0
西日本旅客鉄道,呉,呉,線,広島県,呉市,-,○,2,2,2,基,2,基,1,基,-,基,-,基,-,箇所,-,箇所,○,○,○,○,○,2,○,34.24461,132.5576,00001B00000000030967D2A46874FFC0
西日本旅客鉄道,坂,呉,線,広島県,-,坂町,○,2,2,2,基,2,基,-,基,-,基,-,基,1,箇所,1,箇所,○,-,-,○,×,2,○,34.33886,132.51113,00001B0000000003096E732465307FC0
西日本旅客鉄道,矢野,呉,線,広島県,広島市,安芸区,○,2,2,2,基,2,基,-,基,-,基,-,基,-,箇所,-,箇所,○,○,-,○,○,2,○,34.35218,132.53213,00001B0000000003096F632466AA7FC0
西日本旅客鉄道,新広,呉,線,広島県,呉市,-,○,1,1,-,基,-,基,-,基,-,基,-,基,-,箇所,-,箇所,○,-,-,-,×,1,○,34.23202,132.61444,00001B00000000030966F0246C73FFC0
西日本旅客鉄道,安芸長束,可部,線,広島県,広島市,安佐南区,○,2,2,-,基,-,基,-,基,-,基,-,基,2,箇所,2,箇所,○,○,×,○,○,2,○,34.42839,132.45611,00001B00000000030974BF246151FFC0
西日本旅客鉄道,下祗園,可部,線,広島県,広島市,安佐南区,○,1,1,-,基,-,基,-,基,-,基,-,基,1,箇所,1,箇所,○,-,×,○,○,1,-,34.43941,132.46229,00001B00000000030975852461C17FC0
西日本旅客鉄道,古市橋,可部,線,広島県,広島市,安佐南区,○,2,2,-,基,-,基,-,基,-,基,-,基,2,箇所,2,箇所,○,○,○,○,○,2,○,34.45056,132.46811,00001B000000000309764E246229FFC0
西日本旅客鉄道,緑井,可部,線,広島県,広島市,安佐南区,○,1,1,-,基,-,基,-,基,-,基,-,基,1,箇所,1,箇所,○,-,×,○,○,1,○,34.46747,132.47584,00001B000000000309777E2462B57FC0
西日本旅客鉄道,可部,可部,線,広島県,広島市,安佐北区,○,2,2,-,基,-,基,-,基,-,基,-,基,1,箇所,1,箇所,○,-,×,○,○,2,○,34.51201,132.51076,00001B0000000003097AA0246529FFC0
西日本旅客鉄道,大町,可部,線,広島県,広島市,安佐南区,○,1,1,-,基,-,基,-,基,-,基,-,基,1,箇所,1,箇所,○,-,×,○,○,1,○,34.46135,132.47074,00001B00000000030977102462597FC0
西日本旅客鉄道,山口,山口,線,山口県,山口市,-,○,2,2,2,基,2,基,-,基,-,基,-,基,2,箇所,-,箇所,○,-,○,○,×,2,○,35.76782,139.41407,00001B000000000309D2ECA64A8D7FC0
西日本旅客鉄道,博多南,博多南,線,福岡県,春日市,-,○,1,1,-,基,-,基,-,基,-,基,-,基,1,箇所,1,箇所,○,-,×,○,○,1,○,33.51796,130.43688,00001B00000000030934BB23D357FFC0
西日本旅客鉄道,小倉,山陽新幹,線,福岡県,北九州市,小倉北区,○,2,2,4,基,2,基,6,基,-,基,1,基,1,箇所,1,箇所,○,-,○,○,○,2,○,33.88728,130.8832,00001B0000000003094EB323F2B9FFC0
西日本旅客鉄道,博多,山陽新幹,線,福岡県,福岡市,博多区,○,3,3,7,基,3,基,11,基,-,基,-,基,1,箇所,1,箇所,○,○,○,○,○,3,○,33.58958,130.42118,00001B00000000030939C423D23D7FC0
西日本旅客鉄道,西明石（新幹線）,山陽新幹,線,兵庫県,明石市,-,○,2,2,2,基,2,基,2,基,-,基,1,基,-,箇所,-,箇所,○,-,○,○,×,2,○,34.66706,134.96019,00001B00000000030985872511637FC0
西日本旅客鉄道,姫路（新幹線）,山陽新幹,線,兵庫県,姫路市,-,○,2,2,2,基,2,基,4,基,-,基,-,基,-,箇所,-,箇所,○,-,○,○,×,2,○,34.82643,134.69071,00001B00000000030990BBA4FE70FFC0
西日本旅客鉄道,相生（新幹線）,山陽新幹,線,兵庫県,相生市,-,○,2,2,2,基,2,基,2,基,-,基,-,基,-,箇所,-,箇所,○,-,○,○,×,2,○,34.81827,134.47436,00001B0000000003099028A4EF3A7FC0
西日本旅客鉄道,岡山（新幹線）,山陽新幹,線,岡山県,岡山市,-,○,2,2,2,基,2,基,4,基,-,基,-,基,-,箇所,-,箇所,○,○,○,○,○,2,○,34.66578,133.91814,00001B000000000309857024C81EFFC0
西日本旅客鉄道,新倉敷（新幹線）,山陽新幹,線,岡山県,倉敷市,-,○,2,2,2,基,2,基,2,基,-,基,-,基,-,箇所,-,箇所,○,○,○,○,○,2,○,34.56508,133.67836,00001B0000000003097E5B24B7427FC0
西日本旅客鉄道,福山（新幹線）,山陽新幹,線,広島県,福山市,-,○,2,2,2,基,2,基,8,基,-,基,1,基,-,箇所,-,箇所,○,○,○,○,○,2,○,34.48924,133.36135,00001B000000000309790624A0F87FC0
西日本旅客鉄道,三原（新幹線）,山陽新幹,線,広島県,三原市,-,○,2,2,2,基,2,基,2,基,-,基,-,基,-,箇所,-,箇所,○,○,○,○,×,2,○,34.40082,133.08329,00001B00000000030972CEA48D6B7FC0
西日本旅客鉄道,広島（新幹線）,山陽新幹,線,広島県,広島市,南区,○,2,2,2,基,2,基,8,基,-,基,-,基,-,箇所,-,箇所,○,○,○,○,○,2,○,34.39844,132.47522,00001B00000000030972A3A462A9FFC0
西日本旅客鉄道,徳山（新幹線）,山陽新幹,線,山口県,周南市,-,○,2,2,2,基,2,基,2,基,-,基,1,基,-,箇所,-,箇所,○,○,○,○,○,2,○,34.0508,131.80232,00001B0000000003095A32243359FFC0
西日本旅客鉄道,新山口（新幹線）,山陽新幹,線,山口県,山口市,-,○,2,2,3,基,3,基,6,基,-,基,-,基,-,箇所,-,箇所,○,○,○,○,○,2,○,34.0933,131.39723,00001B0000000003095D2F2416DE7FC0
西日本旅客鉄道,厚狭（新幹線）,山陽新幹,線,山口県,山陽小野田市,-,○,2,2,2,基,2,基,2,基,-,基,-,基,-,箇所,-,箇所,○,-,○,○,○,2,○,34.05312,131.16015,00001B0000000003095A5C240632FFC0
西日本旅客鉄道,新下関（新幹線）,山陽新幹,線,山口県,下関市,-,○,2,2,2,基,2,基,2,基,-,基,-,基,-,箇所,-,箇所,○,○,○,○,○,2,○,34.00708,130.9491,00001B000000000309571F23F75BFFC0
西日本旅客鉄道,富山（新幹線）,北陸新幹,線,富山県,富山市,-,○,2,2,2,基,2,基,2,基,2,基,-,基,-,箇所,-,箇所,○,○,○,○,×,2,○,36.701612,137.213252,00001B00000000030A149525AFCEFFC0
西日本旅客鉄道,新高岡,北陸新幹,線,富山県,高岡市,-,○,2,2,2,基,2,基,2,基,2,基,-,基,-,箇所,-,箇所,○,○,○,○,×,2,○,36.726965,137.012407,00001B00000000030A165D25A1AF7FC0
西日本旅客鉄道,金沢（新幹線）,北陸新幹,線,石川県,金沢市,-,○,2,2,2,基,2,基,3,基,3,基,-,基,-,箇所,-,箇所,○,○,○,○,×,2,○,36.578973,136.648358,00001B00000000030A0BF5A588167FC0
西日本旅客鉄道,新高岡,城端,線,富山県,高岡市,-,○,1,1,-,基,-,基,-,基,-,基,-,基,1,箇所,1,箇所,○,-,-,-,-,1,○,36.726527,137.010387,00001B00000000030A165525A18AFFC0
西日本旅客鉄道,新白島,山陽,線,広島県,広島市,中区,○,2,2,2,基,2,基,-,基,-,基,-,基,-,箇所,-,箇所,○,○,-,○,○,2,○,34.407847,132.460507,00001B000000000309734D2461A17FC0
四国旅客鉄道(株),高松,予讃・高徳,線,香川県,高松市,-,○,4,4,-,基,-,基,-,基,-,基,-,基,-,箇所,-,箇所,○,○,○,○,○,4,○,34.35056,134.04533,00001B0000000003096F4624D10FFFC0
四国旅客鉄道(株),坂出,予讃,線,香川県,坂出市,-,○,2,2,2,基,2,基,3,基,-,基,-,基,-,箇所,-,箇所,○,-,○,○,○,2,○,34.31319,133.85679,00001B0000000003096CA524C3CE7FC0
四国旅客鉄道(株),宇多津,予讃,線,香川県,綾歌郡,宇多津町,○,2,2,2,基,2,基,-,基,-,基,-,基,-,箇所,-,箇所,○,○,○,○,○,2,○,34.30632,133.81375,00001B0000000003096C29A4C0C7FFC0
四国旅客鉄道(株),丸亀,予讃,線,香川県,丸亀市,-,○,2,2,2,基,2,基,3,基,-,基,-,基,-,箇所,-,箇所,○,○,○,○,○,2,○,34.292,133.79322,00001B0000000003096B2824BF55FFC0
四国旅客鉄道(株),多度津,予讃・土讃,線,香川県,仲多度郡,多度津町,-,2,2,-,基,-,基,-,基,-,基,-,基,2,箇所,-,箇所,○,-,○,○,○,2,○,34.27125,133.75729,00001B00000000030969B2A4BCCF7FC0
四国旅客鉄道(株),観音寺,予讃,線,香川県,観音寺市,-,-,3,3,-,基,-,基,-,基,-,基,-,基,2,箇所,1,箇所,-,-,×,○,○,2,-,34.12444,133.65624,00001B0000000003095F5FA4B5B47FC0
四国旅客鉄道(株),新居浜,予讃,線,愛媛県,新居浜市,-,-,2,2,-,基,-,基,-,基,-,基,-,基,2,箇所,-,箇所,○,-,×,○,○,2,○,33.94805,133.29476,00001B00000000030952F8A49C49FFC0
四国旅客鉄道(株),伊予西条,予讃,線,愛媛県,西条市,-,-,2,2,-,基,-,基,-,基,-,基,-,基,2,箇所,-,箇所,-,-,×,○,○,2,-,33.91257,133.18826,00001B000000000309507A2494CCFFC0
四国旅客鉄道(株),今治,予讃,線,愛媛県,今治市,-,○,2,2,2,基,2,基,3,基,-,基,-,基,-,箇所,-,箇所,○,○,○,○,○,2,○,34.0641,132.99384,00001B0000000003095B21A487217FC0
四国旅客鉄道(株),松山,予讃,線,愛媛県,松山市,-,○,2,2,2,基,2,基,-,基,-,基,-,基,-,箇所,-,箇所,○,○,○,○,○,2,○,33.83988,132.75098,00001B0000000003094B5DA4760DFFC0
四国旅客鉄道(株),徳島,高徳・牟岐,線,徳島県,徳島市,-,○,3,3,2,基,2,基,-,基,-,基,-,基,-,箇所,-,箇所,○,○,○,○,○,3,○,34.07451,134.5515,00001B0000000003095BDD24F4A77FC0
四国旅客鉄道(株),阿南,牟岐,線,徳島県,阿南市,-,○,2,2,3,基,3,基,1,基,-,基,-,基,-,箇所,-,箇所,○,○,○,○,○,2,○,33.91917,134.66227,00001B00000000030950F124FC70FFC0
四国旅客鉄道(株),後免,土讃・土佐くろしお鉄道ごめん・なはり,線,高知県,南国市,-,○,2,2,3,基,3,基,-,基,-,基,-,基,-,箇所,-,箇所,○,-,○,○,○,2,○,33.57918,133.64514,00001B000000000309390924B4ECFFC0
四国旅客鉄道(株),高知,土讃,線,高知県,高知市,-,○,2,2,2,基,2,基,4,基,-,基,-,基,-,箇所,-,箇所,○,○,○,○,○,2,○,33.56692,133.54326,00001B000000000309382CA4ADC2FFC0
九州旅客鉄道,門司港,鹿児島,線,福岡県,北九州市,門司区,○,2,2,-,基,-,基,-,基,-,基,-,基,-,箇所,-,箇所,○,-,○,○,○,2,○,33.94405,130.96051,00001B00000000030952B0A3F8297FC0
九州旅客鉄道,門司,鹿児島・山陽,線,福岡県,北九州市,門司区,○,3,3,3,基,3,基,3,基,-,基,-,基,-,箇所,-,箇所,○,-,○,○,○,3,○,33.90419,130.93271,00001B0000000003094FE323F634FFC0
九州旅客鉄道,小倉,鹿児島・新幹線,線,福岡県,北九州市,小倉北区,○,4,4,4,基,4,基,8,基,-,基,-,基,-,箇所,-,箇所,○,○,×,○,○,4,○,33.88693,130.88305,00001B0000000003094EACA3F2B6FFC0
九州旅客鉄道,西小倉,鹿児島・日豊,線,福岡県,北九州市,小倉北区,○,3,3,3,基,3,基,-,基,-,基,-,基,-,箇所,-,箇所,○,○,○,○,○,3,○,33.88872,130.87406,00001B0000000003094ECCA3F2157FC0
九州旅客鉄道,九州工大前,鹿児島,線,福岡県,北九州市,戸畑区,○,1,1,1,基,1,基,-,基,-,基,-,基,-,箇所,-,箇所,○,○,×,○,○,1,○,33.90046,130.84016,00001B0000000003094FA023EFB2FFC0
九州旅客鉄道,戸畑,鹿児島,線,福岡県,北九州市,戸畑区,○,1,1,1,基,1,基,2,基,-,基,-,基,1,箇所,-,箇所,○,-,×,○,○,1,○,33.89742,130.82092,00001B0000000003094F69A3EE58FFC0
九州旅客鉄道,枝光,鹿児島,線,福岡県,北九州市,八幡東区,○,2,2,2,基,2,基,-,基,-,基,-,基,1,箇所,1,箇所,○,-,×,○,○,2,○,33.87919,130.81286,00001B0000000003094E2123EDC77FC0
九州旅客鉄道,スペースワールド,鹿児島,線,福岡県,北九州市,八幡東区,○,2,2,2,基,2,基,2,基,-,基,-,基,-,箇所,-,箇所,○,○,×,○,○,2,○,33.87117,130.8061,00001B0000000003094D9123ED4DFFC0
九州旅客鉄道,八幡,鹿児島,線,福岡県,北九州市,八幡東区,○,2,2,3,基,3,基,-,基,-,基,-,基,1,箇所,1,箇所,○,-,○,○,○,2,○,33.86927,130.79531,00001B0000000003094D6EA3EC8BFFC0
九州旅客鉄道,黒崎,鹿児島,線,福岡県,北九州市,八幡西区,○,2,2,2,基,2,基,2,基,-,基,-,基,-,箇所,-,箇所,○,○,○,○,○,2,○,33.86691,130.76656,00001B0000000003094D4423EA867FC0
九州旅客鉄道,陣原,鹿児島,線,福岡県,北九州市,八幡西区,○,3,3,2,基,2,基,-,基,-,基,-,基,-,箇所,-,箇所,○,-,×,○,○,3,○,33.86824,130.74253,00001B0000000003094D5C23E8D5FFC0
九州旅客鉄道,折尾,鹿児島・筑豊,線,福岡県,北九州市,八幡西区,-,6,6,1,基,1,基,-,基,-,基,-,基,-,箇所,-,箇所,○,-,×,○,○,4,○,33.86388,130.71467,00001B0000000003094D0DA3E6E07FC0
九州旅客鉄道,水巻,鹿児島,線,福岡県,遠賀郡,水巻町,-,2,2,1,基,1,基,-,基,-,基,-,基,1,箇所,-,箇所,○,○,○,○,○,2,○,33.85258,130.69628,00001B0000000003094C4223E5957FC0
九州旅客鉄道,遠賀川,鹿児島,線,福岡県,遠賀郡,遠賀町,○,2,2,2,基,2,基,-,基,-,基,-,基,1,箇所,1,箇所,○,-,×,×,○,2,○,33.84675,130.67363,00001B0000000003094BD9A3E3FD7FC0
九州旅客鉄道,海老津,鹿児島,線,福岡県,遠賀郡,岡垣町,○,2,2,2,基,2,基,-,基,-,基,-,基,-,箇所,-,箇所,○,-,-,○,○,2,○,33.84015,130.62375,00001B0000000003094B62A3E07BFFC0
九州旅客鉄道,教育大前,鹿児島,線,福岡県,宗像市,-,○,2,2,2,基,2,基,-,基,-,基,-,基,-,箇所,-,箇所,○,○,○,○,○,2,○,33.80817,130.59031,00001B000000000309492323DE21FFC0
九州旅客鉄道,赤間,鹿児島,線,福岡県,宗像市,-,○,2,2,2,基,2,基,2,基,-,基,-,基,-,箇所,-,箇所,○,-,×,○,○,2,○,33.80823,130.56959,00001B000000000309492423DCACFFC0
九州旅客鉄道,東郷,鹿児島,線,福岡県,宗像市,-,○,2,2,2,基,2,基,-,基,-,基,-,基,-,箇所,-,箇所,○,-,×,○,○,2,○,33.79449,130.52884,00001B000000000309482CA3D9CF7FC0
九州旅客鉄道,東福間,鹿児島,線,福岡県,福津市,-,○,2,2,2,基,2,基,-,基,-,基,-,基,-,箇所,-,箇所,○,-,×,○,○,2,○,33.77385,130.51071,00001B00000000030946B923D888FFC0
九州旅客鉄道,福間,鹿児島,線,福岡県,福津市,-,○,3,3,3,基,3,基,6,基,-,基,-,基,-,箇所,-,箇所,○,-,○,○,○,3,○,33.76376,130.48721,00001B0000000003094603A3D6E1FFC0
九州旅客鉄道,千鳥,鹿児島,線,福岡県,古賀市,-,○,2,2,4,基,4,基,-,基,-,基,-,基,2,箇所,-,箇所,○,○,○,○,○,2,○,33.74905,130.47635,00001B00000000030944FAA3D61E7FC0
九州旅客鉄道,古賀,鹿児島,線,福岡県,古賀市,-,○,2,2,2,基,2,基,-,基,-,基,-,基,-,箇所,-,箇所,○,-,×,○,○,2,○,33.73256,130.46689,00001B00000000030943D223D5747FC0
九州旅客鉄道,新宮中央,鹿児島,線,福岡県,糟屋郡,新宮町,○,2,2,2,基,2,基,-,基,-,基,-,基,-,箇所,-,箇所,○,-,○,○,○,2,○,33.71203,130.44944,00001B0000000003094260A3D439FFC0
九州旅客鉄道,福工大前,鹿児島,線,福岡県,福岡市,東区,○,2,2,2,基,2,基,4,基,-,基,-,基,-,箇所,-,箇所,○,-,○,○,○,2,○,33.69849,130.44058,00001B000000000309416CA3D39A7FC0
九州旅客鉄道,九産大前,鹿児島,線,福岡県,福岡市,東区,○,2,2,3,基,2,基,-,基,-,基,-,基,-,箇所,-,箇所,○,○,○,○,○,2,○,33.67373,130.44116,00001B0000000003093FAF23D3A4FFC0
九州旅客鉄道,香椎,鹿児島・香椎,線,福岡県,福岡市,東区,○,3,3,3,基,3,基,5,基,-,基,-,基,-,箇所,-,箇所,○,-,○,○,○,3,○,33.65973,130.44402,00001B0000000003093EB323D3D87FC0
九州旅客鉄道,千早,鹿児島,線,福岡県,福岡市,東区,○,2,2,2,基,2,基,4,基,-,基,-,基,-,箇所,-,箇所,○,-,○,○,○,2,○,33.64941,130.44068,00001B0000000003093DF923D39C7FC0
九州旅客鉄道,箱崎,鹿児島,線,福岡県,福岡市,東区,○,2,2,2,基,2,基,2,基,-,基,-,基,-,箇所,-,箇所,○,-,○,○,○,2,○,33.61485,130.42582,00001B0000000003093B8B23D290FFC0
九州旅客鉄道,吉塚,鹿児島・篠栗,線,福岡県,福岡市,博多区,○,3,3,3,基,3,基,6,基,-,基,-,基,-,箇所,-,箇所,○,○,○,○,○,3,○,33.6072,130.42371,00001B0000000003093B01A3D26AFFC0
九州旅客鉄道,博多,鹿児島,線,福岡県,福岡市,博多区,○,4,4,10,基,10,基,23,基,-,基,-,基,-,箇所,-,箇所,○,○,○,○,○,4,○,33.59,130.42056,00001B00000000030939CC23D2327FC0
九州旅客鉄道,博多（新幹線）,九州新幹線,-,福岡県,福岡市,博多区,○,1,1,3,基,3,基,2,基,-,基,-,基,-,箇所,-,箇所,○,○,○,○,×,1,○,33.58958,130.42118,00001B00000000030939C423D23D7FC0
九州旅客鉄道,竹下,鹿児島,線,福岡県,福岡市,博多区,○,1,1,1,基,1,基,-,基,-,基,-,基,-,箇所,-,箇所,○,-,×,○,○,1,○,33.56864,130.43166,00001B000000000309384BA3D2F9FFC0
九州旅客鉄道,笹原,鹿児島,線,福岡県,福岡市,南区,○,2,2,1,基,1,基,-,基,-,基,-,基,1,箇所,1,箇所,○,○,○,○,○,2,○,33.55326,130.44869,00001B0000000003093736A3D42C7FC0
九州旅客鉄道,南福岡,鹿児島,線,福岡県,福岡市,博多区,○,3,3,3,基,3,基,1,基,-,基,-,基,-,箇所,-,箇所,○,○,×,○,○,3,○,33.54217,130.46035,00001B000000000309366F23D4FE7FC0
九州旅客鉄道,春日,鹿児島,線,福岡県,春日市,-,○,2,2,2,基,2,基,-,基,-,基,-,基,-,箇所,-,箇所,○,-,-,○,○,2,○,33.53466,130.46938,00001B00000000030935E7A3D5A0FFC0
九州旅客鉄道,大野城,鹿児島,線,福岡県,大野城市,-,○,2,2,2,基,2,基,-,基,-,基,-,基,-,箇所,-,箇所,○,-,○,○,○,2,○,33.52497,130.48007,00001B000000000309353923D6617FC0
九州旅客鉄道,水城,鹿児島,線,福岡県,大野城市,-,-,2,2,-,基,-,基,-,基,-,基,-,基,2,箇所,1,箇所,○,○,○,○,○,2,○,33.51781,130.49028,00001B00000000030934B8A3D7197FC0
九州旅客鉄道,二日市,鹿児島,線,福岡県,筑紫野市,-,○,2,2,3,基,3,基,3,基,-,基,-,基,-,箇所,-,箇所,○,-,-,×,○,2,○,33.49446,130.51893,00001B000000000309331423D91CFFC0
九州旅客鉄道,天拝山,鹿児島,線,福岡県,筑紫野市,-,-,2,2,-,基,-,基,-,基,-,基,-,基,-,箇所,-,箇所,-,-,×,○,○,2,○,33.48161,130.53058,00001B000000000309322CA3D9EE7FC0
九州旅客鉄道,原田,鹿児島・筑豊,線,福岡県,筑紫野市,-,○,3,3,3,基,3,基,-,基,-,基,-,基,1,箇所,1,箇所,○,○,-,○,○,3,○,33.45173,130.53941,00001B000000000309301323DA8D7FC0
九州旅客鉄道,基山,鹿児島,線,佐賀県,三養基郡,基山町,○,2,2,2,基,2,基,-,基,-,基,-,基,-,箇所,-,箇所,○,-,○,○,○,2,○,33.42121,130.53233,00001B0000000003092DEDA3DA0DFFC0
九州旅客鉄道,久留米,鹿児島・久大,線,福岡県,久留米市,-,○,4,4,4,基,4,基,4,基,-,基,-,基,-,箇所,-,箇所,○,-,○,○,○,4,○,33.32073,130.50137,00001B00000000030926DD23D7E0FFC0
九州旅客鉄道,久留米（新幹線）,九州新幹線,-,福岡県,久留米市,-,○,2,2,2,基,2,基,4,基,-,基,-,基,-,箇所,-,箇所,○,○,○,○,○,2,○,33.32059,130.50109,00001B00000000030926DAA3D7DBFFC0
九州旅客鉄道,羽犬塚,鹿児島,線,福岡県,筑後市,-,○,2,2,2,基,2,基,-,基,-,基,-,基,1,箇所,1,箇所,○,-,×,○,○,2,○,33.20984,130.49763,00001B0000000003091F1123D79D7FC0
九州旅客鉄道,大牟田,鹿児島,線,福岡県,大牟田市,-,○,2,2,2,基,2,基,-,基,-,基,-,基,1,箇所,-,箇所,○,○,○,○,○,2,○,33.02939,130.44385,00001B000000000309126123D3D57FC0
九州旅客鉄道,玉名,鹿児島,線,熊本県,玉名市,-,○,2,2,2,基,2,基,-,基,-,基,-,基,-,箇所,-,箇所,○,-,○,○,○,2,○,32.92598,130.5487,00001B0000000003090B1BA3DB34FFC0
九州旅客鉄道,上熊本,鹿児島,線,熊本県,熊本市,西区,○,1,1,1,基,1,基,1,基,-,基,-,基,-,箇所,-,箇所,○,○,○,○,○,1,○,32.81735,130.69907,00001B000000000309037823E5C77FC0
九州旅客鉄道,熊本,鹿児島・豊肥,線,熊本県,熊本市,西区,○,6,6,7,基,7,基,10,基,-,基,-,基,1,箇所,1,箇所,○,-,○,○,○,6,○,32.78931,130.68866,00001B000000000309017FA3E50BFFC0
九州旅客鉄道,熊本（新幹線）,九州新幹線,-,熊本県,熊本市,西区,○,2,2,2,基,2,基,4,基,-,基,-,基,-,箇所,-,箇所,○,○,○,○,○,2,○,32.79041,130.68858,00001B000000000309019323E50A7FC0
九州旅客鉄道,宇土,鹿児島・三角,線,熊本県,宇土市,-,○,1,1,1,基,1,基,-,基,-,基,-,基,-,箇所,-,箇所,○,-,×,×,○,1,○,32.69435,130.66907,00001B000000000308FAD223E3AB7FC0
九州旅客鉄道,松橋,鹿児島,線,熊本県,宇城市,-,-,1,1,1,基,1,基,-,基,-,基,-,基,-,箇所,-,箇所,○,○,○,○,○,1,○,32.65253,130.67049,00001B000000000308F7E1A3E3C4FFC0
九州旅客鉄道,新八代,鹿児島,線,熊本県,八代市,-,○,2,2,2,基,2,基,-,基,-,基,-,基,-,箇所,-,箇所,○,○,○,○,○,2,○,32.51828,130.63432,00001B000000000308EE7123E139FFC0
九州旅客鉄道,新八代（新幹線）,九州新幹線,-,熊本県,八代市,-,○,2,2,2,基,2,基,4,基,-,基,-,基,-,箇所,-,箇所,○,○,○,○,○,2,○,32.517768,130.634985,00001B000000000308EE67A3E145FFC0
九州旅客鉄道,八代,鹿児島・肥薩,線,熊本県,八代市,-,○,2,2,2,基,2,基,-,基,-,基,-,基,-,箇所,-,箇所,○,-,×,×,○,2,○,32.50441,130.62118,00001B000000000308ED7723E04D7FC0
九州旅客鉄道,川内,鹿児島,線,鹿児島県,薩摩川内市,-,○,1,1,1,基,1,基,1,基,-,基,-,基,-,箇所,-,箇所,○,○,○,○,○,1,○,31.81363,130.3122,00001B000000000308BCE523CA93FFC0
九州旅客鉄道,川内（新幹線）,九州新幹線,-,鹿児島県,薩摩川内市,-,○,2,2,2,基,2,基,4,基,-,基,-,基,-,箇所,-,箇所,○,○,○,○,○,2,○,31.81351,130.31241,00001B000000000308BCE323CA977FC0
九州旅客鉄道,伊集院,鹿児島,線,鹿児島県,日置市,-,-,1,1,3,基,-,基,-,基,-,基,-,基,-,箇所,-,箇所,○,○,○,○,○,1,○,31.63016,130.39581,00001B000000000308AFFEA3D074FFC0
九州旅客鉄道,上伊集院,鹿児島,線,鹿児島県,鹿児島市,-,-,2,2,-,基,-,基,-,基,-,基,-,基,-,箇所,-,箇所,-,-,×,○,○,-,-,31.59419,130.45885,00001B000000000308AD7723D4E37FC0
九州旅客鉄道,鹿児島中央,鹿児島・指宿枕崎,線,鹿児島県,鹿児島市,-,○,3,3,3,基,3,基,3,基,-,基,-,基,-,箇所,-,箇所,○,○,○,○,○,3,○,31.584,130.54201,00001B000000000308ACC023DABC7FC0
九州旅客鉄道,鹿児島中央（新幹線）,九州新幹線,-,鹿児島県,鹿児島市,-,○,2,2,2,基,2,基,4,基,-,基,-,基,-,箇所,-,箇所,○,○,○,○,○,2,○,31.58377,130.54103,00001B000000000308ACBBA3DAAAFFC0
九州旅客鉄道,鹿児島,鹿児島・日豊,線,鹿児島県,鹿児島市,-,-,2,2,-,基,-,基,-,基,-,基,-,基,-,箇所,-,箇所,-,-,×,×,○,2,○,31.60219,130.56429,00001B000000000308AE0723DC4D7FC0
九州旅客鉄道,南小倉,日豊,線,福岡県,北九州市,小倉北区,○,1,1,2,基,2,基,-,基,-,基,-,基,1,箇所,1,箇所,○,○,○,○,○,1,○,33.87006,130.86481,00001B0000000003094D7D23F16EFFC0
九州旅客鉄道,城野,日豊・日田彦山,線,福岡県,北九州市,小倉南区,○,3,3,3,基,3,基,-,基,-,基,-,基,-,箇所,-,箇所,○,-,○,○,○,3,○,33.85804,130.88637,00001B0000000003094CA4A3F2F2FFC0
九州旅客鉄道,安部山公園,日豊,線,福岡県,北九州市,小倉南区,-,2,2,1,基,1,基,-,基,-,基,-,基,-,箇所,-,箇所,○,-,×,×,○,-,○,33.84401,130.90444,00001B0000000003094BA823F437FFC0
九州旅客鉄道,下曽根,日豊,線,福岡県,北九州市,小倉南区,○,1,1,1,基,1,基,1,基,-,基,-,基,1,箇所,-,箇所,○,-,○,×,○,1,○,33.83217,130.93489,00001B0000000003094AD323F65C7FC0
九州旅客鉄道,朽網,日豊,線,福岡県,北九州市,小倉南区,○,2,2,2,基,2,基,-,基,-,基,-,基,-,箇所,-,箇所,○,-,○,○,○,2,○,33.80768,130.95479,00001B000000000309491A23F7C27FC0
九州旅客鉄道,苅田,日豊,線,福岡県,京都郡,苅田町,○,2,2,1,基,1,基,-,基,-,基,-,基,-,箇所,-,箇所,○,-,○,×,○,2,○,33.78513,130.97874,00001B000000000309478423F9717FC0
九州旅客鉄道,小波瀬西工大前,日豊,線,福岡県,京都郡,苅田町,-,2,2,-,基,-,基,-,基,-,基,-,基,-,箇所,-,箇所,-,-,×,○,○,2,-,33.75263,130.97176,00001B000000000309453B23F8F3FFC0
九州旅客鉄道,行橋,日豊,線,福岡県,行橋市,-,○,2,2,2,基,2,基,2,基,-,基,-,基,-,箇所,-,箇所,○,○,×,×,○,2,○,33.72875,130.97026,00001B000000000309438DA3F8D8FFC0
九州旅客鉄道,宇島,日豊,線,福岡県,豊前市,-,○,2,2,2,基,2,基,-,基,-,基,-,基,1,箇所,1,箇所,○,○,○,○,○,2,○,33.62129,131.12648,00001B0000000003093BFF2403D4FFC0
九州旅客鉄道,中津,日豊,線,大分県,中津市,-,○,2,2,3,基,3,基,3,基,-,基,-,基,2,箇所,-,箇所,○,○,○,○,○,2,○,33.5992,131.19092,00001B0000000003093A71A4085CFFC0
九州旅客鉄道,亀川,日豊,線,大分県,別府市,-,○,2,2,2,基,2,基,-,基,-,基,-,基,-,箇所,-,箇所,○,○,○,○,○,2,○,33.331279,131.492884,00001B000000000309279B241D97FFC0
九州旅客鉄道,別府大学,日豊,線,大分県,別府市,-,-,2,2,-,基,-,基,-,基,-,基,-,基,-,箇所,-,箇所,-,-,×,×,○,-,○,33.31327,131.49936,00001B0000000003092656A41E0C7FC0
九州旅客鉄道,別府,日豊,線,大分県,別府市,-,○,2,2,3,基,3,基,3,基,-,基,-,基,1,箇所,-,箇所,○,○,×,○,○,2,○,33.27947,131.50026,00001B00000000030923F6241E1CFFC0
九州旅客鉄道,大分,日豊・豊肥・久大,線,大分県,大分市,-,○,4,4,4,基,4,基,8,基,-,基,-,基,-,箇所,-,箇所,○,○,○,○,○,4,○,33.2326,131.6067,00001B00000000030920AAA42598FFC0
九州旅客鉄道,高城,日豊,線,大分県,大分市,-,-,1,1,-,基,-,基,-,基,-,基,-,基,-,箇所,-,箇所,-,-,○,○,○,1,-,33.24285,131.65572,00001B000000000309216324290AFFC0
九州旅客鉄道,鶴崎,日豊,線,大分県,大分市,-,-,1,1,-,基,-,基,-,基,-,基,-,基,-,箇所,-,箇所,-,-,×,×,○,1,○,33.24282,131.68693,00001B0000000003092162A42B3CFFC0
九州旅客鉄道,大在,日豊,線,大分県,大分市,-,-,2,2,-,基,-,基,-,基,-,基,-,基,-,箇所,-,箇所,-,-,×,○,○,2,-,33.24391,131.72053,00001B0000000003092176242D99FFC0
九州旅客鉄道,宮崎,日豊,線,宮崎県,宮崎市,-,○,2,2,2,基,2,基,2,基,-,基,-,基,-,箇所,-,箇所,○,○,×,○,○,2,○,31.91581,131.43201,00001B000000000308C414A419507FC0
九州旅客鉄道,南宮崎,日豊・日南,線,宮崎県,宮崎市,-,○,2,2,3,基,3,基,-,基,-,基,-,基,-,箇所,-,箇所,○,○,○,○,○,2,○,31.89529,131.42286,00001B000000000308C2A32418AB7FC0
九州旅客鉄道,国分,日豊,線,鹿児島県,霧島市,-,-,2,2,-,基,-,基,-,基,-,基,-,基,-,箇所,-,箇所,○,-,-,×,○,2,-,31.74364,130.76341,00001B000000000308B7F9A3EA4D7FC0
九州旅客鉄道,隼人,日豊・肥薩,線,鹿児島県,霧島市,-,-,2,2,-,基,-,基,-,基,-,基,-,基,-,箇所,-,箇所,-,-,×,×,○,2,-,31.74377,130.74021,00001B000000000308B7FBA3E8ABFFC0
九州旅客鉄道,加治木,日豊,線,鹿児島県,姶良郡,姶良市,-,2,2,-,基,-,基,-,基,-,基,-,基,-,箇所,-,箇所,-,-,×,×,○,2,○,31.73925,130.67067,00001B000000000308B7AAA3E3C87FC0
九州旅客鉄道,新鳥栖,長崎,線,佐賀県,鳥栖市,-,○,2,2,2,基,2,基,2,基,-,基,-,基,-,箇所,-,箇所,○,○,○,○,○,2,○,33.36968,130.49093,00001B0000000003092A4E23D724FFC0
九州旅客鉄道,新鳥栖（新幹線）,九州新幹線,-,佐賀県,鳥栖市,-,○,2,2,2,基,2,基,4,基,-,基,-,基,-,箇所,-,箇所,○,-,○,○,×,2,○,33.37034,130.49116,00001B0000000003092A5A23D728FFC0
九州旅客鉄道,神埼,長崎,線,佐賀県,神埼市,-,○,2,2,1,基,1,基,-,基,-,基,-,基,1,箇所,1,箇所,-,-,-,×,○,2,-,33.31596,130.37492,00001B000000000309268723CEFCFFC0
九州旅客鉄道,佐賀,長崎,線,佐賀県,佐賀市,-,○,2,2,3,基,3,基,3,基,-,基,-,基,-,箇所,-,箇所,○,-,×,○,○,2,○,33.26413,130.29737,00001B00000000030922E223C988FFC0
九州旅客鉄道,諌早,長崎・大村,線,長崎県,諫早市,-,○,3,3,3,基,3,基,-,基,-,基,1,基,1,箇所,1,箇所,○,○,○,○,○,3,○,32.851842,130.041473,00001B00000000030905E523B78AFFC0
九州旅客鉄道,喜々津,長崎,線,長崎県,諫早市,-,○,2,2,2,基,2,基,-,基,-,基,-,基,2,箇所,-,箇所,○,○,○,○,○,2,○,32.8327,129.98649,00001B000000000309048CA3B3ACFFC0
九州旅客鉄道,浦上,長崎,線,長崎県,長崎市,-,-,1,1,2,基,2,基,-,基,-,基,-,基,-,箇所,-,箇所,○,○,○,○,○,2,-,32.76545,129.86328,00001B000000000308FFD223AB037FC0
九州旅客鉄道,長崎,長崎,線,長崎県,長崎市,-,○,3,3,-,基,-,基,-,基,-,基,-,基,-,箇所,-,箇所,○,-,×,○,○,3,○,32.75465,129.86947,00001B000000000308FF0FA3AB727FC0
九州旅客鉄道,長与,長崎,線,長崎県,西彼杵郡,長与町,○,2,2,2,基,2,基,-,基,-,基,-,基,-,箇所,-,箇所,○,○,○,○,○,2,○,32.81892,129.87952,00001B0000000003090394A3AC277FC0
九州旅客鉄道,武雄温泉,佐世保,線,佐賀県,武雄市,-,○,2,2,2,基,2,基,1,基,-,基,-,基,-,箇所,-,箇所,○,○,○,○,○,2,○,33.19669,130.02347,00001B0000000003091E2423B6467FC0
九州旅客鉄道,早岐,佐世保・大村,線,長崎県,佐世保市,-,○,2,2,2,基,2,基,-,基,-,基,-,基,-,箇所,-,箇所,○,○,○,×,○,2,-,33.133744,129.799269,00001B00000000030919B723A682FFC0
九州旅客鉄道,佐世保,佐世保,線,長崎県,佐世保市,-,○,3,3,3,基,3,基,3,基,-,基,-,基,-,箇所,-,箇所,○,○,○,○,○,3,○,33.1638,129.72652,00001B0000000003091BD423A1657FC0
九州旅客鉄道,中間,筑豊,線,福岡県,中間市,-,○,2,2,2,基,2,基,-,基,-,基,-,基,1,箇所,1,箇所,○,○,○,○,○,-,○,33.82776,130.70935,00001B0000000003094A83A3E6807FC0
九州旅客鉄道,直方,筑豊,線,福岡県,直方市,-,○,2,2,2,基,2,基,-,基,-,基,-,基,-,箇所,-,箇所,○,○,○,○,○,2,○,33.74863,130.72449,00001B00000000030944F323E790FFC0
九州旅客鉄道,新飯塚,筑豊・後藤寺,線,福岡県,飯塚市,-,○,2,2,2,基,2,基,2,基,-,基,-,基,-,箇所,-,箇所,○,-,○,○,○,2,○,33.64428,130.69431,00001B0000000003093D9D23E571FFC0
九州旅客鉄道,和白,香椎,線,福岡県,福岡市,東区,-,2,2,-,基,-,基,-,基,-,基,-,基,3,箇所,3,箇所,○,○,○,○,○,-,○,33.68879,130.42973,00001B00000000030940BE23D2D77FC0
九州旅客鉄道,宇美,香椎,線,福岡県,糟屋郡,宇美町,○,1,1,-,基,-,基,-,基,-,基,-,基,1,箇所,-,箇所,-,-,-,○,○,-,○,33.56923,130.51342,00001B000000000309385623D8B9FFC0
九州旅客鉄道,柚須,篠栗,線,福岡県,粕屋郡,粕屋町,○,2,2,-,基,-,基,-,基,-,基,-,基,2,箇所,-,箇所,○,○,○,○,○,2,○,33.61333,130.44416,00001B0000000003093B6FA3D3DAFFC0
九州旅客鉄道,長者原,篠栗・香椎,線,福岡県,糟屋郡,粕屋町,○,2,2,1,基,1,基,-,基,-,基,-,基,1,箇所,1,箇所,○,-,×,○,○,2,○,33.61382,130.47831,00001B0000000003093B78A3D641FFC0
九州旅客鉄道,篠栗,篠栗,線,福岡県,糟屋郡,篠栗町,○,2,2,2,基,2,基,-,基,-,基,-,基,1,箇所,1,箇所,○,-,×,○,○,2,○,33.62393,130.52405,00001B0000000003093C2EA3D978FFC0
九州旅客鉄道,下山門,筑肥,線,福岡県,福岡市,西区,-,2,2,3,基,-,基,-,基,-,基,-,基,-,箇所,-,箇所,○,○,○,○,○,2,○,33.58173,130.30802,00001B000000000309393723CA487FC0
九州旅客鉄道,今宿,筑肥,線,福岡県,福岡市,西区,○,1,1,2,基,2,基,-,基,-,基,-,基,1,箇所,1,箇所,○,○,×,○,○,1,○,33.57928,130.27418,00001B000000000309390B23C7E77FC0
九州旅客鉄道,九大学研都市,筑肥,線,福岡県,福岡市,西区,○,1,1,1,基,1,基,1,基,-,基,-,基,-,箇所,-,箇所,○,-,○,○,○,1,○,33.578,130.25847,00001B00000000030938F423C6CC7FC0
九州旅客鉄道,周船寺,筑肥,線,福岡県,福岡市,西区,○,1,1,2,基,2,基,-,基,-,基,-,基,-,箇所,-,箇所,○,-,○,○,○,1,○,33.57073,130.2464,00001B000000000309387123C5F37FC0
九州旅客鉄道,波多江,筑肥,線,福岡県,糸島市,-,○,1,1,1,基,1,基,-,基,-,基,-,基,-,箇所,-,箇所,○,○,○,○,○,1,○,33.56376,130.22635,00001B00000000030937F3A3C48A7FC0
九州旅客鉄道,筑前前原,筑肥,線,福岡県,糸島市,-,○,2,2,2,基,2,基,4,基,-,基,-,基,-,箇所,-,箇所,○,-,×,○,○,2,○,33.55702,130.19918,00001B000000000309377A23C2A17FC0
九州旅客鉄道,唐津,筑肥・唐津,線,佐賀県,唐津市,-,○,2,2,2,基,2,基,-,基,-,基,-,基,1,箇所,-,箇所,-,-,×,×,○,2,○,33.44598,129.96848,00001B0000000003092FABA3B268FFC0
九州旅客鉄道,ﾊｳｽﾃﾝﾎﾞｽ,大村,線,長崎県,佐世保市,-,○,1,1,1,基,1,基,-,基,-,基,-,基,-,箇所,-,箇所,○,○,○,○,○,1,○,33.091676,129.796586,00001B00000000030916C223A652FFC0
九州旅客鉄道,大村,大村,線,長崎県,大村市,-,○,2,2,2,基,2,基,-,基,-,基,-,基,2,箇所,2,箇所,○,○,○,○,○,2,○,32.91143,129.96227,00001B0000000003090A15A3B1F8FFC0
九州旅客鉄道,新水前寺,豊肥,線,熊本県,熊本市,中央区,○,1,1,-,基,-,基,-,基,-,基,-,基,-,箇所,-,箇所,○,○,○,×,○,1,○,32.79331,130.72586,00001B00000000030901C7A3E7A97FC0
九州旅客鉄道,水前寺,豊肥,線,熊本県,熊本市,中央区,○,1,1,1,基,1,基,-,基,-,基,-,基,-,箇所,-,箇所,○,○,○,○,○,1,○,32.7969,130.72977,00001B000000000309020823E7EFFFC0
九州旅客鉄道,東海学園前,豊肥,線,熊本県,熊本市,東区,-,1,1,-,基,-,基,-,基,-,基,-,基,-,箇所,-,箇所,-,-,-,×,×,-,○,32.81105,130.74263,00001B0000000003090306A3E8D77FC0
九州旅客鉄道,武蔵塚,豊肥,線,熊本県,熊本市,北区,-,2,2,-,基,-,基,-,基,-,基,-,基,-,箇所,-,箇所,-,-,×,×,○,2,○,32.84996,130.77023,00001B00000000030905C323EAC87FC0
九州旅客鉄道,光の森,豊肥,線,熊本県,熊本市,北区,○,1,1,1,基,1,基,-,基,-,基,-,基,-,箇所,-,箇所,○,-,○,○,○,1,○,32.85742,130.78604,00001B0000000003090649A3EBE4FFC0
九州旅客鉄道,肥後大津,豊肥,線,熊本県,菊池郡,大津町,○,2,2,-,基,-,基,-,基,-,基,-,基,3,箇所,3,箇所,○,○,-,○,○,2,○,32.87749,130.86631,00001B00000000030907B2A3F189FFC0
九州旅客鉄道,大分大学前,豊肥,線,大分県,大分市,-,○,1,1,-,基,-,基,-,基,-,基,-,基,1,箇所,1,箇所,○,-,-,○,×,1,○,33.177148,131.618742,00001B0000000003091CC4A426717FC0
九州旅客鉄道,谷山,指宿枕崎,線,鹿児島県,鹿児島市,-,-,1,1,-,基,-,基,-,基,-,基,-,基,-,箇所,-,箇所,○,○,○,○,○,1,○,31.52709,130.51898,00001B000000000308A8BFA3D91DFFC0
九州旅客鉄道,坂之上,指宿枕崎,線,鹿児島県,鹿児島市,-,○,1,1,-,基,-,基,-,基,-,基,-,基,-,箇所,-,箇所,-,-,×,○,×,1,○,31.50054,130.50766,00001B000000000308A6E1A3D851FFC0
